
--
-- TOC entry 3467 (class 0 OID 76830)
-- Dependencies: 174
-- Data for Name: agency; Type: TABLE DATA; Schema: public; Owner: postgres
--

INSERT INTO agency (id, name, url, timezone, lang, phone) VALUES (1, 'Tisséo', 'http://www.tisseo.fr', 'Europe/Paris', 'fr', NULL);


--
-- TOC entry 3483 (class 0 OID 76870)
-- Dependencies: 190
-- Data for Name: city; Type: TABLE DATA; Schema: public; Owner: postgres
--

INSERT INTO city(id, name, insee, main_stop_area_id) VALUES (1,'AIGREFEUILLE',31003,NULL) ;
INSERT INTO city(id, name, insee, main_stop_area_id) VALUES (2,'AYGUESVIVES',31004,NULL) ;
INSERT INTO city(id, name, insee, main_stop_area_id) VALUES (3,'AUCAMVILLE',31022,NULL) ;
INSERT INTO city(id, name, insee, main_stop_area_id) VALUES (4,'AUREVILLE',31025,NULL) ;
INSERT INTO city(id, name, insee, main_stop_area_id) VALUES (5,'AUSSONNE',31032,NULL) ;
INSERT INTO city(id, name, insee, main_stop_area_id) VALUES (6,'AUZEVILLE-TOLOSANE',31035,NULL) ;
INSERT INTO city(id, name, insee, main_stop_area_id) VALUES (7,'AUZIELLE',31036,NULL) ;
INSERT INTO city(id, name, insee, main_stop_area_id) VALUES (8,'BALMA',31044,NULL) ;
INSERT INTO city(id, name, insee, main_stop_area_id) VALUES (9,'BAZIEGE',31048,NULL) ;
INSERT INTO city(id, name, insee, main_stop_area_id) VALUES (10,'BEAUZELLE',31056,NULL) ;
INSERT INTO city(id, name, insee, main_stop_area_id) VALUES (11,'BELBERAUD',31057,NULL) ;
INSERT INTO city(id, name, insee, main_stop_area_id) VALUES (12,'BLAGNAC',31069,NULL) ;
INSERT INTO city(id, name, insee, main_stop_area_id) VALUES (13,'BRAX',31088,NULL) ;
INSERT INTO city(id, name, insee, main_stop_area_id) VALUES (14,'BRUGUIERES',31091,NULL) ;
INSERT INTO city(id, name, insee, main_stop_area_id) VALUES (15,'CASTANET-TOLOSAN',31113,NULL) ;
INSERT INTO city(id, name, insee, main_stop_area_id) VALUES (16,'CASTELGINEST',31116,NULL) ;
INSERT INTO city(id, name, insee, main_stop_area_id) VALUES (17,'CASTELMAUROU',31117,NULL) ;
INSERT INTO city(id, name, insee, main_stop_area_id) VALUES (18,'CLERMONT-LE-FORT',31148,NULL) ;
INSERT INTO city(id, name, insee, main_stop_area_id) VALUES (19,'COLOMIERS',31149,NULL) ;
INSERT INTO city(id, name, insee, main_stop_area_id) VALUES (20,'CORNEBARRIEU',31150,NULL) ;
INSERT INTO city(id, name, insee, main_stop_area_id) VALUES (21,'CORRONSAC',31151,NULL) ;
INSERT INTO city(id, name, insee, main_stop_area_id) VALUES (22,'CUGNAUX',31157,NULL) ;
INSERT INTO city(id, name, insee, main_stop_area_id) VALUES (23,'DEYME',31161,NULL) ;
INSERT INTO city(id, name, insee, main_stop_area_id) VALUES (24,'DONNEVILLE',31162,NULL) ;
INSERT INTO city(id, name, insee, main_stop_area_id) VALUES (25,'DREMIL-LAFAGE',31163,NULL) ;
INSERT INTO city(id, name, insee, main_stop_area_id) VALUES (26,'ESCALQUENS',31169,NULL) ;
INSERT INTO city(id, name, insee, main_stop_area_id) VALUES (27,'FENOUILLET',31182,NULL) ;
INSERT INTO city(id, name, insee, main_stop_area_id) VALUES (28,'FLOURENS',31184,NULL) ;
INSERT INTO city(id, name, insee, main_stop_area_id) VALUES (29,'FONBEAUZARD',31186,NULL) ;
INSERT INTO city(id, name, insee, main_stop_area_id) VALUES (30,'FOURQUEVAUX',31192,NULL) ;
INSERT INTO city(id, name, insee, main_stop_area_id) VALUES (31,'FROUZINS',31203,NULL) ;
INSERT INTO city(id, name, insee, main_stop_area_id) VALUES (32,'GAGNAC-SUR-GARONNE',31205,NULL) ;
INSERT INTO city(id, name, insee, main_stop_area_id) VALUES (33,'GOYRANS',31227,NULL) ;
INSERT INTO city(id, name, insee, main_stop_area_id) VALUES (34,'GRATENTOUR',31230,NULL) ;
INSERT INTO city(id, name, insee, main_stop_area_id) VALUES (35,'LABASTIDE-BEAUVOIR',31249,NULL) ;
INSERT INTO city(id, name, insee, main_stop_area_id) VALUES (36,'LABASTIDE-SAINT-SERNIN',31252,NULL) ;
INSERT INTO city(id, name, insee, main_stop_area_id) VALUES (37,'LABEGE',31254,NULL) ;
INSERT INTO city(id, name, insee, main_stop_area_id) VALUES (38,'LACROIX-FALGARDE',31259,NULL) ;
INSERT INTO city(id, name, insee, main_stop_area_id) VALUES (39,'LAPEYROUSE-FOSSAT',31273,NULL) ;
INSERT INTO city(id, name, insee, main_stop_area_id) VALUES (40,'LAUNAGUET',31282,NULL) ;
INSERT INTO city(id, name, insee, main_stop_area_id) VALUES (41,'LAUZERVILLE',31284,NULL) ;
INSERT INTO city(id, name, insee, main_stop_area_id) VALUES (42,'LESPINASSE',31293,NULL) ;
INSERT INTO city(id, name, insee, main_stop_area_id) VALUES (43,'MERVILLA',31340,NULL) ;
INSERT INTO city(id, name, insee, main_stop_area_id) VALUES (44,'MONDONVILLE',31351,NULL) ;
INSERT INTO city(id, name, insee, main_stop_area_id) VALUES (45,'MONDOUZIL',31352,NULL) ;
INSERT INTO city(id, name, insee, main_stop_area_id) VALUES (46,'MONS',31355,NULL) ;
INSERT INTO city(id, name, insee, main_stop_area_id) VALUES (47,'MONTBERON',31364,NULL) ;
INSERT INTO city(id, name, insee, main_stop_area_id) VALUES (48,'MONTBRUN-LAURAGAIS',31366,NULL) ;
INSERT INTO city(id, name, insee, main_stop_area_id) VALUES (49,'MONTGISCARD',31381,NULL) ;
INSERT INTO city(id, name, insee, main_stop_area_id) VALUES (50,'MONTLAUR',31384,NULL) ;
INSERT INTO city(id, name, insee, main_stop_area_id) VALUES (51,'MONTRABE',31389,NULL) ;
INSERT INTO city(id, name, insee, main_stop_area_id) VALUES (52,'MURET',31395,NULL) ;
INSERT INTO city(id, name, insee, main_stop_area_id) VALUES (53,'ODARS',31402,NULL) ;
INSERT INTO city(id, name, insee, main_stop_area_id) VALUES (54,'PECHABOU',31409,NULL) ;
INSERT INTO city(id, name, insee, main_stop_area_id) VALUES (55,'PECHBONNIEU',31410,NULL) ;
INSERT INTO city(id, name, insee, main_stop_area_id) VALUES (56,'PECHBUSQUE',31411,NULL) ;
INSERT INTO city(id, name, insee, main_stop_area_id) VALUES (57,'PIBRAC',31417,NULL) ;
INSERT INTO city(id, name, insee, main_stop_area_id) VALUES (58,'PIN-BALMA',31418,NULL) ;
INSERT INTO city(id, name, insee, main_stop_area_id) VALUES (59,'PINSAGUEL',31420,NULL) ;
INSERT INTO city(id, name, insee, main_stop_area_id) VALUES (60,'PLAISANCE-DU-TOUCH',31424,NULL) ;
INSERT INTO city(id, name, insee, main_stop_area_id) VALUES (61,'POMPERTUZAT',31429,NULL) ;
INSERT INTO city(id, name, insee, main_stop_area_id) VALUES (62,'PORTET-SUR-GARONNE',31433,NULL) ;
INSERT INTO city(id, name, insee, main_stop_area_id) VALUES (63,'QUINT-FONSEGRIVES',31445,NULL) ;
INSERT INTO city(id, name, insee, main_stop_area_id) VALUES (64,'RAMONVILLE-SAINT-AGNE',31446,NULL) ;
INSERT INTO city(id, name, insee, main_stop_area_id) VALUES (65,'REBIGUE',31448,NULL) ;
INSERT INTO city(id, name, insee, main_stop_area_id) VALUES (66,'ROQUES',31458,NULL) ;
INSERT INTO city(id, name, insee, main_stop_area_id) VALUES (67,'ROQUETTES',31460,NULL) ;
INSERT INTO city(id, name, insee, main_stop_area_id) VALUES (68,'ROUFFIAC-TOLOSAN',31462,NULL) ;
INSERT INTO city(id, name, insee, main_stop_area_id) VALUES (69,'SAINT-ALBAN',31467,NULL) ;
INSERT INTO city(id, name, insee, main_stop_area_id) VALUES (70,'SAINT-GENIES-BELLEVUE',31484,NULL) ;
INSERT INTO city(id, name, insee, main_stop_area_id) VALUES (71,'SAINT-JEAN',31488,NULL) ;
INSERT INTO city(id, name, insee, main_stop_area_id) VALUES (72,'SAINT-LOUP-CAMMAS',31497,NULL) ;
INSERT INTO city(id, name, insee, main_stop_area_id) VALUES (73,'SAINT-ORENS-DE-GAMEVILLE',31506,NULL) ;
INSERT INTO city(id, name, insee, main_stop_area_id) VALUES (74,'SAINT-PIERRE-DE-LAGES',31512,NULL) ;
INSERT INTO city(id, name, insee, main_stop_area_id) VALUES (75,'LA SALVETAT-SAINT-GILLES',31526,NULL) ;
INSERT INTO city(id, name, insee, main_stop_area_id) VALUES (76,'SAUBENS',31533,NULL) ;
INSERT INTO city(id, name, insee, main_stop_area_id) VALUES (77,'SEILH',31541,NULL) ;
INSERT INTO city(id, name, insee, main_stop_area_id) VALUES (78,'SEYSSES',31547,NULL) ;
INSERT INTO city(id, name, insee, main_stop_area_id) VALUES (79,'TOULOUSE',31555,NULL) ;
INSERT INTO city(id, name, insee, main_stop_area_id) VALUES (80,'TOURNEFEUILLE',31557,NULL) ;
INSERT INTO city(id, name, insee, main_stop_area_id) VALUES (81,'L''UNION',31561,NULL) ;
INSERT INTO city(id, name, insee, main_stop_area_id) VALUES (82,'VARENNES',31568,NULL) ;
INSERT INTO city(id, name, insee, main_stop_area_id) VALUES (83,'VIEILLE-TOULOUSE',31575,NULL) ;
INSERT INTO city(id, name, insee, main_stop_area_id) VALUES (84,'VIGOULET-AUZIL',31578,NULL) ;
INSERT INTO city(id, name, insee, main_stop_area_id) VALUES (85,'VILLENEUVE-TOLOSANE',31588,NULL) ;
INSERT INTO city(id, name, insee, main_stop_area_id) VALUES (86,'SAINT-LYS',31499,NULL) ;
INSERT INTO city(id, name, insee, main_stop_area_id) VALUES (87,'FONSORBES',31187,NULL) ;
INSERT INTO city(id, name, insee, main_stop_area_id) VALUES (88,'SAINT-JORY',31490,NULL) ;
INSERT INTO city(id, name, insee, main_stop_area_id) VALUES (89,'BEAUPUY',31053,NULL) ;
INSERT INTO city(id, name, insee, main_stop_area_id) VALUES (90,'TEST-VILLE',99999,NULL);


--
-- TOC entry 3487 (class 0 OID 76880)
-- Dependencies: 194
-- Data for Name: datasource; Type: TABLE DATA; Schema: public; Owner: postgres
--

INSERT INTO datasource (id, name, agency_id) VALUES (1, 'HASTUS', 1);
INSERT INTO datasource (id, name, agency_id) VALUES (2, 'Service Données', 1);
INSERT INTO datasource (id, name, agency_id) VALUES (3, 'Information Voyageurs', 1);
INSERT INTO datasource (id, name, agency_id) VALUES (4, 'TIGRE', 1);


--
-- TOC entry 3497 (class 0 OID 76906)
-- Dependencies: 204
-- Data for Name: grid_mask_type; Type: TABLE DATA; Schema: public; Owner: postgres
--

INSERT INTO grid_mask_type (id, name, color, calendar_type, calendar_period) VALUES (3, 'Samedi', 'bleu', 'Samedi', 'BASE');
INSERT INTO grid_mask_type (id, name, color, calendar_type, calendar_period) VALUES (1, 'Lundi au vendredi', 'jaune', 'Semaine', 'BASE');
INSERT INTO grid_mask_type (id, name, color, calendar_type, calendar_period) VALUES (4, 'Dimanche', 'bleu', 'Dimanche', 'BASE');
INSERT INTO grid_mask_type (id, name, color, calendar_type, calendar_period) VALUES (5, 'Lundi au vendredi', 'vert', 'Semaine', 'Vacances');
INSERT INTO grid_mask_type (id, name, color, calendar_type, calendar_period) VALUES (2, 'Lundi au samedi', '', 'Lun-Sam', 'BASE');
INSERT INTO grid_mask_type (id, name, color, calendar_type, calendar_period) VALUES (6, 'Lundi au dimanche', '', '7-jours', 'BASE');
INSERT INTO grid_mask_type (id, name, color, calendar_type, calendar_period) VALUES (7, 'Lundi au dimanche', '', '7-jours', 'Vacances');
INSERT INTO grid_mask_type (id, name, color, calendar_type, calendar_period) VALUES (8, 'Lundi au vendredi', '', 'Semaine', 'Vacances Ligne 63');
INSERT INTO grid_mask_type (id, name, color, calendar_type, calendar_period) VALUES (9, 'Dimanche', '', 'Dimanche', 'dimanche Renfort noel');
INSERT INTO grid_mask_type (id, name, color, calendar_type, calendar_period) VALUES (10, 'Dimanche et jours fériés', '', 'Dimanche', 'Jours Fériés');


--
-- TOC entry 3512 (class 0 OID 76954)
-- Dependencies: 219
-- Data for Name: physical_mode; Type: TABLE DATA; Schema: public; Owner: postgres
--

INSERT INTO physical_mode (id, name, type) VALUES (1, 'Métro', 'Métro');
INSERT INTO physical_mode (id, name, type) VALUES (2, 'Tramway', 'Tramway');
INSERT INTO physical_mode (id, name, type) VALUES (3, 'Bus', 'Bus');
INSERT INTO physical_mode (id, name, type) VALUES (4, 'TAD', 'Bus');
INSERT INTO physical_mode (id, name, type) VALUES (5, 'Train', 'Train');
INSERT INTO physical_mode (id, name, type) VALUES (7, 'Autocar', 'Autocar');


--
-- TOC entry 3499 (class 0 OID 76911)
-- Dependencies: 206
-- Data for Name: line; Type: TABLE DATA; Schema: public; Owner: postgres
--

INSERT INTO line (id, number, physical_mode_id) VALUES (1, '1', 3);
INSERT INTO line (id, number, physical_mode_id) VALUES (2, '2', 3);
INSERT INTO line (id, number, physical_mode_id) VALUES (3, '3', 3);
INSERT INTO line (id, number, physical_mode_id) VALUES (4, '8', 3);
INSERT INTO line (id, number, physical_mode_id) VALUES (5, '10', 3);
INSERT INTO line (id, number, physical_mode_id) VALUES (6, '12', 3);
INSERT INTO line (id, number, physical_mode_id) VALUES (7, '14', 3);
INSERT INTO line (id, number, physical_mode_id) VALUES (8, '15', 3);
INSERT INTO line (id, number, physical_mode_id) VALUES (9, 'L16', 3);
INSERT INTO line (id, number, physical_mode_id) VALUES (10, '19', 3);
INSERT INTO line (id, number, physical_mode_id) VALUES (11, '17', 3);
INSERT INTO line (id, number, physical_mode_id) VALUES (12, '20', 3);
INSERT INTO line (id, number, physical_mode_id) VALUES (13, '22', 3);
INSERT INTO line (id, number, physical_mode_id) VALUES (14, '32', 3);
INSERT INTO line (id, number, physical_mode_id) VALUES (15, '38', 3);
INSERT INTO line (id, number, physical_mode_id) VALUES (16, '39', 3);
INSERT INTO line (id, number, physical_mode_id) VALUES (17, '40', 3);
INSERT INTO line (id, number, physical_mode_id) VALUES (18, '41', 3);
INSERT INTO line (id, number, physical_mode_id) VALUES (19, '42', 3);
INSERT INTO line (id, number, physical_mode_id) VALUES (20, '46', 3);
INSERT INTO line (id, number, physical_mode_id) VALUES (21, '47', 3);
INSERT INTO line (id, number, physical_mode_id) VALUES (22, '48', 3);
INSERT INTO line (id, number, physical_mode_id) VALUES (23, '49', 3);
INSERT INTO line (id, number, physical_mode_id) VALUES (24, '50', 3);
INSERT INTO line (id, number, physical_mode_id) VALUES (25, '51', 3);
INSERT INTO line (id, number, physical_mode_id) VALUES (26, '52', 3);
INSERT INTO line (id, number, physical_mode_id) VALUES (27, '54', 3);
INSERT INTO line (id, number, physical_mode_id) VALUES (28, '55', 3);
INSERT INTO line (id, number, physical_mode_id) VALUES (29, '56', 3);
INSERT INTO line (id, number, physical_mode_id) VALUES (30, '57', 3);
INSERT INTO line (id, number, physical_mode_id) VALUES (31, '58', 3);
INSERT INTO line (id, number, physical_mode_id) VALUES (32, '59', 3);
INSERT INTO line (id, number, physical_mode_id) VALUES (33, '60', 3);
INSERT INTO line (id, number, physical_mode_id) VALUES (34, '61', 3);
INSERT INTO line (id, number, physical_mode_id) VALUES (35, '62', 3);
INSERT INTO line (id, number, physical_mode_id) VALUES (36, '64', 3);
INSERT INTO line (id, number, physical_mode_id) VALUES (37, '65', 3);
INSERT INTO line (id, number, physical_mode_id) VALUES (38, '66', 3);
INSERT INTO line (id, number, physical_mode_id) VALUES (39, '67', 3);
INSERT INTO line (id, number, physical_mode_id) VALUES (40, '68', 3);
INSERT INTO line (id, number, physical_mode_id) VALUES (41, '69', 3);
INSERT INTO line (id, number, physical_mode_id) VALUES (42, '70', 3);
INSERT INTO line (id, number, physical_mode_id) VALUES (43, '71', 3);
INSERT INTO line (id, number, physical_mode_id) VALUES (44, '72', 3);
INSERT INTO line (id, number, physical_mode_id) VALUES (45, '73', 3);
INSERT INTO line (id, number, physical_mode_id) VALUES (46, '74', 3);
INSERT INTO line (id, number, physical_mode_id) VALUES (47, '75', 3);
INSERT INTO line (id, number, physical_mode_id) VALUES (48, '76', 3);
INSERT INTO line (id, number, physical_mode_id) VALUES (49, '77', 3);
INSERT INTO line (id, number, physical_mode_id) VALUES (50, '78', 3);
INSERT INTO line (id, number, physical_mode_id) VALUES (51, '79', 3);
INSERT INTO line (id, number, physical_mode_id) VALUES (52, '80', 3);
INSERT INTO line (id, number, physical_mode_id) VALUES (53, '10s', 3);
INSERT INTO line (id, number, physical_mode_id) VALUES (54, '201', 4);
INSERT INTO line (id, number, physical_mode_id) VALUES (55, '202', 4);
INSERT INTO line (id, number, physical_mode_id) VALUES (56, '204', 4);
INSERT INTO line (id, number, physical_mode_id) VALUES (57, '205', 4);
INSERT INTO line (id, number, physical_mode_id) VALUES (58, '81', 3);
INSERT INTO line (id, number, physical_mode_id) VALUES (59, '82', 3);
INSERT INTO line (id, number, physical_mode_id) VALUES (60, '83', 3);
INSERT INTO line (id, number, physical_mode_id) VALUES (61, 'A', 1);
INSERT INTO line (id, number, physical_mode_id) VALUES (62, '43', 3);
INSERT INTO line (id, number, physical_mode_id) VALUES (63, '33', 3);
INSERT INTO line (id, number, physical_mode_id) VALUES (64, '35', 3);
INSERT INTO line (id, number, physical_mode_id) VALUES (65, '37', 3);
INSERT INTO line (id, number, physical_mode_id) VALUES (66, '105', 4);
INSERT INTO line (id, number, physical_mode_id) VALUES (67, '106', 4);
INSERT INTO line (id, number, physical_mode_id) VALUES (68, 'T1', 2);
INSERT INTO line (id, number, physical_mode_id) VALUES (69, 'B', 1);
INSERT INTO line (id, number, physical_mode_id) VALUES (70, '109', 3);
INSERT INTO line (id, number, physical_mode_id) VALUES (71, '36', 3);
INSERT INTO line (id, number, physical_mode_id) VALUES (72, '21', 3);
INSERT INTO line (id, number, physical_mode_id) VALUES (73, '34', 3);
INSERT INTO line (id, number, physical_mode_id) VALUES (74, '23', 3);
INSERT INTO line (id, number, physical_mode_id) VALUES (75, '26', 3);
INSERT INTO line (id, number, physical_mode_id) VALUES (76, '27', 3);
INSERT INTO line (id, number, physical_mode_id) VALUES (77, '2s', 3);
INSERT INTO line (id, number, physical_mode_id) VALUES (78, '12s', 3);
INSERT INTO line (id, number, physical_mode_id) VALUES (79, '22s', 3);
INSERT INTO line (id, number, physical_mode_id) VALUES (80, '38s', 3);
INSERT INTO line (id, number, physical_mode_id) VALUES (81, '111', 3);
INSERT INTO line (id, number, physical_mode_id) VALUES (82, '110', 3);
INSERT INTO line (id, number, physical_mode_id) VALUES (83, '112', 3);
INSERT INTO line (id, number, physical_mode_id) VALUES (84, '29', 3);
INSERT INTO line (id, number, physical_mode_id) VALUES (85, '81s', 3);
INSERT INTO line (id, number, physical_mode_id) VALUES (86, '88', 3);
INSERT INTO line (id, number, physical_mode_id) VALUES (87, '114', 3);
INSERT INTO line (id, number, physical_mode_id) VALUES (88, '118', 4);
INSERT INTO line (id, number, physical_mode_id) VALUES (89, '115', 3);
INSERT INTO line (id, number, physical_mode_id) VALUES (90, '25', 3);
INSERT INTO line (id, number, physical_mode_id) VALUES (91, '88s', 3);
INSERT INTO line (id, number, physical_mode_id) VALUES (92, '79s', 3);
INSERT INTO line (id, number, physical_mode_id) VALUES (93, '119', 4);
INSERT INTO line (id, number, physical_mode_id) VALUES (94, '63', 3);
INSERT INTO line (id, number, physical_mode_id) VALUES (95, '120', 4);
INSERT INTO line (id, number, physical_mode_id) VALUES (96, '30', 3);
INSERT INTO line (id, number, physical_mode_id) VALUES (97, '45', 3);
INSERT INTO line (id, number, physical_mode_id) VALUES (98, 'NOCT', 3);
INSERT INTO line (id, number, physical_mode_id) VALUES (99, 'AERO', 3);
INSERT INTO line (id, number, physical_mode_id) VALUES (100, '113', 3);
INSERT INTO line (id, number, physical_mode_id) VALUES (101, '117', 3);
INSERT INTO line (id, number, physical_mode_id) VALUES (102, '116', 3);
INSERT INTO line (id, number, physical_mode_id) VALUES (103, '11', 3);
INSERT INTO line (id, number, physical_mode_id) VALUES (104, '53', 3);
INSERT INTO line (id, number, physical_mode_id) VALUES (105, '84', 3);
INSERT INTO line (id, number, physical_mode_id) VALUES (106, '78s', 3);
INSERT INTO line (id, number, physical_mode_id) VALUES (107, 'VILLE', 3);
INSERT INTO line (id, number, physical_mode_id) VALUES (108, 'CIMTR', 3);
INSERT INTO line (id, number, physical_mode_id) VALUES (109, '87', 3);


--
-- TOC entry 3503 (class 0 OID 76921)
-- Dependencies: 210
-- Data for Name: line_version; Type: TABLE DATA; Schema: public; Owner: postgres
--


INSERT INTO line_version (fg_color, fg_hexa_color, id, line_id, version, start_date, end_date, planned_end_date, child_line_id, name, backward_direction, forward_direction, bg_color, bg_hexa_color, carto_file, accessibility, air_conditioned, comment, depot) VALUES ('blanc','ffffff',1, 1, 1, '2014-09-30', NULL, '2015-06-30', NULL, 'Grand Rond / Compans - Caffarelli', 'Grand Rond', 'Compans - Caffarelli', 'marron', '563f00', 'yenapas.png', true, true, 'offre initiale', 'atlanta');
INSERT INTO line_version (fg_color, fg_hexa_color, id, line_id, version, start_date, end_date, planned_end_date, child_line_id, name, backward_direction, forward_direction, bg_color, bg_hexa_color, carto_file, accessibility, air_conditioned, comment, depot) VALUES ('blanc','ffffff',2, 2, 1, '2014-09-30', NULL, '2015-06-30', NULL, 'Cours Dillon / Université Paul Sabatier', 'Cours Dillon', 'Université Paul Sabatier', 'bleuclair', '26ceff', 'yenapas.png', true, true, 'offre initiale', 'atlanta');
INSERT INTO line_version (fg_color, fg_hexa_color, id, line_id, version, start_date, end_date, planned_end_date, child_line_id, name, backward_direction, forward_direction, bg_color, bg_hexa_color, carto_file, accessibility, air_conditioned, comment, depot) VALUES ('blanc','ffffff',3, 3, 1, '2014-09-30', NULL, '2015-06-30', NULL, 'St Cyprien - République / Oncopole', 'St Cyprien - République', 'Oncopole', 'violet', '660099', 'yenapas.png', true, true, 'offre initiale', 'atlanta');
INSERT INTO line_version (fg_color, fg_hexa_color, id, line_id, version, start_date, end_date, planned_end_date, child_line_id, name, backward_direction, forward_direction, bg_color, bg_hexa_color, carto_file, accessibility, air_conditioned, comment, depot) VALUES ('blanc','ffffff',4, 4, 1, '2014-09-30', NULL, '2015-06-30', NULL, 'Basso Cambo / Cité Scolaire Rive-Gauche', 'Basso Cambo', 'Cité Scolaire Rive-Gauche', 'orange', 'ff5e16', 'yenapas.png', true, true, 'offre initiale', 'atlanta');
INSERT INTO line_version (fg_color, fg_hexa_color, id, line_id, version, start_date, end_date, planned_end_date, child_line_id, name, backward_direction, forward_direction, bg_color, bg_hexa_color, carto_file, accessibility, air_conditioned, comment, depot) VALUES ('blanc','ffffff',5, 5, 1, '2014-09-30', NULL, '2015-06-30', NULL, 'Cours Dillon / Malepère', 'Cours Dillon', 'Malepère', 'vertfonce', '00c62d', 'yenapas.png', true, true, 'offre initiale', 'atlanta');
INSERT INTO line_version (fg_color, fg_hexa_color, id, line_id, version, start_date, end_date, planned_end_date, child_line_id, name, backward_direction, forward_direction, bg_color, bg_hexa_color, carto_file, accessibility, air_conditioned, comment, depot) VALUES ('blanc','ffffff',6, 6, 1, '2014-09-30', NULL, '2015-06-30', NULL, 'Cours Dillon / Basso Cambo', 'Cours Dillon', 'Basso Cambo', 'vertfonce', '00c62d', 'yenapas.png', true, true, 'offre initiale', 'atlanta');
INSERT INTO line_version (fg_color, fg_hexa_color, id, line_id, version, start_date, end_date, planned_end_date, child_line_id, name, backward_direction, forward_direction, bg_color, bg_hexa_color, carto_file, accessibility, air_conditioned, comment, depot) VALUES ('blanc','ffffff',7, 7, 1, '2014-09-30', NULL, '2015-06-30', NULL, 'Marengo - SNCF / Basso Cambo', 'Marengo - SNCF', 'Basso Cambo', 'violetclair', 'b291ff', 'yenapas.png', true, true, 'offre initiale', 'atlanta');
INSERT INTO line_version (fg_color, fg_hexa_color, id, line_id, version, start_date, end_date, planned_end_date, child_line_id, name, backward_direction, forward_direction, bg_color, bg_hexa_color, carto_file, accessibility, air_conditioned, comment, depot) VALUES ('blanc','ffffff',8, 8, 1, '2014-09-30', NULL, '2015-06-30', NULL, 'Jeanne d''Arc / États-Unis Fondeyre', 'Jeanne d''Arc', 'États-Unis Fondeyre', 'beige', '8e4a05', 'yenapas.png', true, true, 'offre initiale', 'atlanta');
INSERT INTO line_version (fg_color, fg_hexa_color, id, line_id, version, start_date, end_date, planned_end_date, child_line_id, name, backward_direction, forward_direction, bg_color, bg_hexa_color, carto_file, accessibility, air_conditioned, comment, depot) VALUES ('blanc','ffffff',9, 9, 1, '2014-09-30', NULL, '2015-06-30', NULL, 'Sept Deniers / Gymnase de l''Hers', 'Sept Deniers', 'Gymnase de l''Hers', 'bleuclair', '26ceff', 'yenapas.png', true, true, 'offre initiale', 'atlanta');
INSERT INTO line_version (fg_color, fg_hexa_color, id, line_id, version, start_date, end_date, planned_end_date, child_line_id, name, backward_direction, forward_direction, bg_color, bg_hexa_color, carto_file, accessibility, air_conditioned, comment, depot) VALUES ('blanc','ffffff',10, 10, 1, '2014-09-30', NULL, '2015-06-30', NULL, 'Borderouge / Place de l''indépendance', 'Borderouge', 'Place de l''indépendance', 'vertclair', '94d24d', 'yenapas.png', true, true, 'offre initiale', 'atlanta');
INSERT INTO line_version (fg_color, fg_hexa_color, id, line_id, version, start_date, end_date, planned_end_date, child_line_id, name, backward_direction, forward_direction, bg_color, bg_hexa_color, carto_file, accessibility, air_conditioned, comment, depot) VALUES ('blanc','ffffff',11, 11, 1, '2014-09-30', NULL, '2015-06-30', NULL, 'Andromède - Lycée / Mondonville Église', 'Andromède - Lycée', 'Mondonville Église', 'orange', 'ff5e16', 'yenapas.png', true, true, 'offre initiale', 'atlanta');
INSERT INTO line_version (fg_color, fg_hexa_color, id, line_id, version, start_date, end_date, planned_end_date, child_line_id, name, backward_direction, forward_direction, bg_color, bg_hexa_color, carto_file, accessibility, air_conditioned, comment, depot) VALUES ('blanc','ffffff',12, 12, 1, '2014-09-30', NULL, '2015-06-30', NULL, 'Balma - Gramont / Beaupuy Mairie', 'Balma - Gramont', 'Beaupuy Mairie', 'vertfonce', '00c62d', 'yenapas.png', true, true, 'offre initiale', 'atlanta');
INSERT INTO line_version (fg_color, fg_hexa_color, id, line_id, version, start_date, end_date, planned_end_date, child_line_id, name, backward_direction, forward_direction, bg_color, bg_hexa_color, carto_file, accessibility, air_conditioned, comment, depot) VALUES ('blanc','ffffff',13, 13, 1, '2014-09-30', NULL, '2015-06-30', NULL, 'Marengo SNCF / Gonin', 'Marengo SNCF', 'Gonin', 'beige', '8e4a05', 'yenapas.png', true, true, 'offre initiale', 'atlanta');
INSERT INTO line_version (fg_color, fg_hexa_color, id, line_id, version, start_date, end_date, planned_end_date, child_line_id, name, backward_direction, forward_direction, bg_color, bg_hexa_color, carto_file, accessibility, air_conditioned, comment, depot) VALUES ('blanc','ffffff',14, 14, 1, '2014-09-30', NULL, '2015-06-30', NULL, 'Colomiers Gare SNCF / Brax le Château', 'Colomiers Gare SNCF', 'Brax le Château', 'beige', '8e4a05', 'yenapas.png', true, true, 'offre initiale', 'atlanta');
INSERT INTO line_version (fg_color, fg_hexa_color, id, line_id, version, start_date, end_date, planned_end_date, child_line_id, name, backward_direction, forward_direction, bg_color, bg_hexa_color, carto_file, accessibility, air_conditioned, comment, depot) VALUES ('blanc','ffffff',15, 15, 1, '2014-09-30', NULL, '2015-06-30', NULL, 'Empalot / Amouroux', 'Empalot', 'Amouroux', 'bleuclair', '26ceff', 'yenapas.png', true, true, 'offre initiale', 'atlanta');
INSERT INTO line_version (fg_color, fg_hexa_color, id, line_id, version, start_date, end_date, planned_end_date, child_line_id, name, backward_direction, forward_direction, bg_color, bg_hexa_color, carto_file, accessibility, air_conditioned, comment, depot) VALUES ('blanc','ffffff',16, 16, 1, '2014-09-30', NULL, '2015-06-30', NULL, 'Jeanne d''Arc / L''Union Somport', 'Jeanne d''Arc', 'L''Union Somport', 'vertfonce', '00c62d', 'yenapas.png', true, true, 'offre initiale', 'atlanta');
INSERT INTO line_version (fg_color, fg_hexa_color, id, line_id, version, start_date, end_date, planned_end_date, child_line_id, name, backward_direction, forward_direction, bg_color, bg_hexa_color, carto_file, accessibility, air_conditioned, comment, depot) VALUES ('blanc','ffffff',17, 17, 1, '2014-09-30', NULL, '2015-06-30', NULL, 'Borderouge / L''Union Malbou', 'Borderouge', 'L''Union Malbou', 'rosefonce', 'f400d0', 'yenapas.png', true, true, 'offre initiale', 'atlanta');
INSERT INTO line_version (fg_color, fg_hexa_color, id, line_id, version, start_date, end_date, planned_end_date, child_line_id, name, backward_direction, forward_direction, bg_color, bg_hexa_color, carto_file, accessibility, air_conditioned, comment, depot) VALUES ('blanc','ffffff',18, 18, 1, '2014-09-30', NULL, '2015-06-30', NULL, 'Borderouge / Chaussas', 'Borderouge', 'Chaussas', 'orange', 'ff5e16', 'yenapas.png', true, true, 'offre initiale', 'atlanta');
INSERT INTO line_version (fg_color, fg_hexa_color, id, line_id, version, start_date, end_date, planned_end_date, child_line_id, name, backward_direction, forward_direction, bg_color, bg_hexa_color, carto_file, accessibility, air_conditioned, comment, depot) VALUES ('blanc','ffffff',19, 19, 1, '2014-09-30', NULL, '2015-06-30', NULL, 'Jeanne d''Arc / St Jean Clinique de l''Union', 'Jeanne d''Arc', 'St Jean Clinique de l''Union', 'orange', 'ff5e16', 'yenapas.png', true, true, 'offre initiale', 'atlanta');
INSERT INTO line_version (fg_color, fg_hexa_color, id, line_id, version, start_date, end_date, planned_end_date, child_line_id, name, backward_direction, forward_direction, bg_color, bg_hexa_color, carto_file, accessibility, air_conditioned, comment, depot) VALUES ('blanc','ffffff',20, 20, 1, '2014-09-30', NULL, '2015-06-30', NULL, 'Arènes / Pelletier Purpan', 'Arènes', 'Pelletier Purpan', 'rosefonce', 'f400d0', 'yenapas.png', true, true, 'offre initiale', 'atlanta');
INSERT INTO line_version (fg_color, fg_hexa_color, id, line_id, version, start_date, end_date, planned_end_date, child_line_id, name, backward_direction, forward_direction, bg_color, bg_hexa_color, carto_file, accessibility, air_conditioned, comment, depot) VALUES ('blanc','ffffff',21, 21, 1, '2014-09-30', NULL, '2015-06-30', NULL, 'Basso Cambo / Portet Gare SNCF', 'Basso Cambo', 'Portet Gare SNCF', 'rouge', 'f40002', 'yenapas.png', true, true, 'offre initiale', 'atlanta');
INSERT INTO line_version (fg_color, fg_hexa_color, id, line_id, version, start_date, end_date, planned_end_date, child_line_id, name, backward_direction, forward_direction, bg_color, bg_hexa_color, carto_file, accessibility, air_conditioned, comment, depot) VALUES ('blanc','ffffff',22, 22, 1, '2014-09-30', NULL, '2015-06-30', NULL, 'Basso Cambo / Tournefeuille Lycée', 'Basso Cambo', 'Tournefeuille Lycée', 'vertfonce', '00c62d', 'yenapas.png', true, true, 'offre initiale', 'atlanta');
INSERT INTO line_version (fg_color, fg_hexa_color, id, line_id, version, start_date, end_date, planned_end_date, child_line_id, name, backward_direction, forward_direction, bg_color, bg_hexa_color, carto_file, accessibility, air_conditioned, comment, depot) VALUES ('blanc','ffffff',23, 23, 1, '2014-09-30', NULL, '2015-06-30', NULL, 'Basso Cambo / Portet Gare SNCF', 'Basso Cambo', 'Portet Gare SNCF', 'bleufonce', '0040c4', 'yenapas.png', true, true, 'offre initiale', 'atlanta');
INSERT INTO line_version (fg_color, fg_hexa_color, id, line_id, version, start_date, end_date, planned_end_date, child_line_id, name, backward_direction, forward_direction, bg_color, bg_hexa_color, carto_file, accessibility, air_conditioned, comment, depot) VALUES ('blanc','ffffff',24, 24, 1, '2014-09-30', NULL, '2015-06-30', NULL, 'Basso Cambo / Portet H. Boucher ou Roques Acacias', 'Basso Cambo', 'Portet H. Boucher ou Roques Acacias', 'beige', '8e4a05', 'yenapas.png', true, true, 'offre initiale', 'atlanta');
INSERT INTO line_version (fg_color, fg_hexa_color, id, line_id, version, start_date, end_date, planned_end_date, child_line_id, name, backward_direction, forward_direction, bg_color, bg_hexa_color, carto_file, accessibility, air_conditioned, comment, depot) VALUES ('blanc','ffffff',25, 25, 1, '2014-09-30', NULL, '2015-06-30', NULL, 'Balma - Gramont / La Terrasse', 'Balma - Gramont', 'La Terrasse', 'orange', 'ff5e16', 'yenapas.png', true, true, 'offre initiale', 'atlanta');
INSERT INTO line_version (fg_color, fg_hexa_color, id, line_id, version, start_date, end_date, planned_end_date, child_line_id, name, backward_direction, forward_direction, bg_color, bg_hexa_color, carto_file, accessibility, air_conditioned, comment, depot) VALUES ('blanc','ffffff',26, 26, 1, '2014-09-30', NULL, '2015-06-30', NULL, 'Empalot / Roquettes église', 'Empalot', 'Roquettes église', 'marron', '563f00', 'yenapas.png', true, true, 'offre initiale', 'atlanta');
INSERT INTO line_version (fg_color, fg_hexa_color, id, line_id, version, start_date, end_date, planned_end_date, child_line_id, name, backward_direction, forward_direction, bg_color, bg_hexa_color, carto_file, accessibility, air_conditioned, comment, depot) VALUES ('blanc','ffffff',27, 27, 1, '2014-09-30', NULL, '2015-06-30', NULL, 'Empalot / Gleyze-Vieille', 'Empalot', 'Gleyze-Vieille', 'orange', 'ff5e16', 'yenapas.png', true, true, 'offre initiale', 'atlanta');
INSERT INTO line_version (fg_color, fg_hexa_color, id, line_id, version, start_date, end_date, planned_end_date, child_line_id, name, backward_direction, forward_direction, bg_color, bg_hexa_color, carto_file, accessibility, air_conditioned, comment, depot) VALUES ('blanc','ffffff',28, 28, 1, '2014-09-30', NULL, '2015-06-30', NULL, 'Colomiers Gare SNCF / Plaisance Monestié', 'Colomiers Gare SNCF', 'Plaisance Monestié', 'rouge', 'f40002', 'yenapas.png', true, true, 'offre initiale', 'atlanta');
INSERT INTO line_version (fg_color, fg_hexa_color, id, line_id, version, start_date, end_date, planned_end_date, child_line_id, name, backward_direction, forward_direction, bg_color, bg_hexa_color, carto_file, accessibility, air_conditioned, comment, depot) VALUES ('blanc','ffffff',29, 29, 1, '2014-09-30', NULL, '2015-06-30', NULL, 'Université Paul Sabatier / Auzeville Église', 'Université Paul Sabatier', 'Auzeville Église', 'vertclair', '94d24d', 'yenapas.png', true, true, 'offre initiale', 'atlanta');
INSERT INTO line_version (fg_color, fg_hexa_color, id, line_id, version, start_date, end_date, planned_end_date, child_line_id, name, backward_direction, forward_direction, bg_color, bg_hexa_color, carto_file, accessibility, air_conditioned, comment, depot) VALUES ('blanc','ffffff',30, 30, 1, '2014-09-30', NULL, '2015-06-30', NULL, 'Basso Cambo / Frouzins JP Sabatier', 'Basso Cambo', 'Frouzins JP Sabatier', 'marron', '563f00', 'yenapas.png', true, true, 'offre initiale', 'atlanta');
INSERT INTO line_version (fg_color, fg_hexa_color, id, line_id, version, start_date, end_date, planned_end_date, child_line_id, name, backward_direction, forward_direction, bg_color, bg_hexa_color, carto_file, accessibility, air_conditioned, comment, depot) VALUES ('blanc','ffffff',31, 31, 1, '2014-09-30', NULL, '2015-06-30', NULL, 'Basso Cambo / Muret Lycée', 'Basso Cambo', 'Muret Lycée', 'vertclair', '94d24d', 'yenapas.png', true, true, 'offre initiale', 'atlanta');
INSERT INTO line_version (fg_color, fg_hexa_color, id, line_id, version, start_date, end_date, planned_end_date, child_line_id, name, backward_direction, forward_direction, bg_color, bg_hexa_color, carto_file, accessibility, air_conditioned, comment, depot) VALUES ('blanc','ffffff',32, 32, 1, '2014-09-30', NULL, '2015-06-30', NULL, 'La Vache / Lespinasse Viguerie', 'La Vache', 'Lespinasse Viguerie', 'violet', '660099', 'yenapas.png', true, true, 'offre initiale', 'atlanta');
INSERT INTO line_version (fg_color, fg_hexa_color, id, line_id, version, start_date, end_date, planned_end_date, child_line_id, name, backward_direction, forward_direction, bg_color, bg_hexa_color, carto_file, accessibility, air_conditioned, comment, depot) VALUES ('blanc','ffffff',33, 33, 1, '2014-09-30', NULL, '2015-06-30', NULL, 'La Vache / Castelginest Buffebiau', 'La Vache', 'Castelginest Buffebiau', 'violet', '660099', 'yenapas.png', true, true, 'offre initiale', 'atlanta');
INSERT INTO line_version (fg_color, fg_hexa_color, id, line_id, version, start_date, end_date, planned_end_date, child_line_id, name, backward_direction, forward_direction, bg_color, bg_hexa_color, carto_file, accessibility, air_conditioned, comment, depot) VALUES ('blanc','ffffff',34, 34, 1, '2014-09-30', NULL, '2015-06-30', NULL, 'Trois Cocus / Fonbeauzard Mairie, Montberon ou St Loup', 'Trois Cocus', 'Fonbeauzard Mairie, Montberon ou St Loup', 'rouge', 'f40002', 'yenapas.png', true, true, 'offre initiale', 'atlanta');
INSERT INTO line_version (fg_color, fg_hexa_color, id, line_id, version, start_date, end_date, planned_end_date, child_line_id, name, backward_direction, forward_direction, bg_color, bg_hexa_color, carto_file, accessibility, air_conditioned, comment, depot) VALUES ('blanc','ffffff',35, 35, 1, '2014-09-30', NULL, '2015-06-30', NULL, 'Ramonville Métro / Castanet-Tolosan', 'Ramonville Métro', 'Castanet-Tolosan', 'bleuclair', '26ceff', 'yenapas.png', true, true, 'offre initiale', 'atlanta');
INSERT INTO line_version (fg_color, fg_hexa_color, id, line_id, version, start_date, end_date, planned_end_date, child_line_id, name, backward_direction, forward_direction, bg_color, bg_hexa_color, carto_file, accessibility, air_conditioned, comment, depot) VALUES ('blanc','ffffff',36, 36, 1, '2014-09-30', NULL, '2015-06-30', NULL, 'Arènes / Colomiers Lycée International', 'Arènes', 'Colomiers Lycée International', 'marron', '563f00', 'yenapas.png', true, true, 'offre initiale', 'atlanta');
INSERT INTO line_version (fg_color, fg_hexa_color, id, line_id, version, start_date, end_date, planned_end_date, child_line_id, name, backward_direction, forward_direction, bg_color, bg_hexa_color, carto_file, accessibility, air_conditioned, comment, depot) VALUES ('blanc','ffffff',37, 37, 1, '2014-09-30', NULL, '2015-06-30', NULL, 'Arènes / Plaisance Monestié (par D632)', 'Arènes', 'Plaisance Monestié (par D632)', 'violetclair', 'b291ff', 'yenapas.png', true, true, 'offre initiale', 'atlanta');
INSERT INTO line_version (fg_color, fg_hexa_color, id, line_id, version, start_date, end_date, planned_end_date, child_line_id, name, backward_direction, forward_direction, bg_color, bg_hexa_color, carto_file, accessibility, air_conditioned, comment, depot) VALUES ('blanc','ffffff',38, 38, 1, '2014-09-30', NULL, '2015-06-30', NULL, 'St Cyprien - République / Aéroport Toulouse Blagnac', 'St Cyprien - République', 'Aéroport Toulouse Blagnac', 'vertfonce', '00c62d', 'yenapas.png', true, true, 'offre initiale', 'atlanta');
INSERT INTO line_version (fg_color, fg_hexa_color, id, line_id, version, start_date, end_date, planned_end_date, child_line_id, name, backward_direction, forward_direction, bg_color, bg_hexa_color, carto_file, accessibility, air_conditioned, comment, depot) VALUES ('blanc','ffffff',39, 39, 1, '2014-09-30', NULL, '2015-06-30', NULL, 'Arènes / Plaisance Monestié (par Marquisat)', 'Arènes', 'Plaisance Monestié (par Marquisat)', 'rose', 'ffa8ff', 'yenapas.png', true, true, 'offre initiale', 'atlanta');
INSERT INTO line_version (fg_color, fg_hexa_color, id, line_id, version, start_date, end_date, planned_end_date, child_line_id, name, backward_direction, forward_direction, bg_color, bg_hexa_color, carto_file, accessibility, air_conditioned, comment, depot) VALUES ('blanc','ffffff',40, 40, 1, '2014-09-30', NULL, '2015-06-30', NULL, 'Ramonville Métro / La Terrasse', 'Ramonville Métro', 'La Terrasse', 'rose', 'ffa8ff', 'yenapas.png', true, true, 'offre initiale', 'atlanta');
INSERT INTO line_version (fg_color, fg_hexa_color, id, line_id, version, start_date, end_date, planned_end_date, child_line_id, name, backward_direction, forward_direction, bg_color, bg_hexa_color, carto_file, accessibility, air_conditioned, comment, depot) VALUES ('blanc','ffffff',41, 41, 1, '2014-09-30', NULL, '2015-06-30', NULL, 'La Vache / Gratentour Gravette ou Bruguières', 'La Vache', 'Gratentour Gravette ou Bruguières', 'violetclair', 'b291ff', 'yenapas.png', true, true, 'offre initiale', 'atlanta');
INSERT INTO line_version (fg_color, fg_hexa_color, id, line_id, version, start_date, end_date, planned_end_date, child_line_id, name, backward_direction, forward_direction, bg_color, bg_hexa_color, carto_file, accessibility, air_conditioned, comment, depot) VALUES ('blanc','ffffff',42, 42, 1, '2014-09-30', NULL, '2015-06-30', NULL, 'Jeanne d''Arc / Aéroconstellation', 'Jeanne d''Arc', 'Aéroconstellation', 'rose', 'ffa8ff', 'yenapas.png', true, true, 'offre initiale', 'atlanta');
INSERT INTO line_version (fg_color, fg_hexa_color, id, line_id, version, start_date, end_date, planned_end_date, child_line_id, name, backward_direction, forward_direction, bg_color, bg_hexa_color, carto_file, accessibility, air_conditioned, comment, depot) VALUES ('blanc','ffffff',43, 43, 1, '2014-09-30', NULL, '2015-06-30', NULL, 'Andromède - Lycée / Aussonne Agassines', 'Andromède - Lycée', 'Aussonne Agassines', 'vertclair', '94d24d', 'yenapas.png', true, true, 'offre initiale', 'atlanta');
INSERT INTO line_version (fg_color, fg_hexa_color, id, line_id, version, start_date, end_date, planned_end_date, child_line_id, name, backward_direction, forward_direction, bg_color, bg_hexa_color, carto_file, accessibility, air_conditioned, comment, depot) VALUES ('blanc','ffffff',44, 44, 1, '2014-09-30', NULL, '2015-06-30', NULL, 'Balma - Gramont / Balma Lasbordes', 'Balma - Gramont', 'Balma Lasbordes', 'bleufonce', '0040c4', 'yenapas.png', true, true, 'offre initiale', 'atlanta');
INSERT INTO line_version (fg_color, fg_hexa_color, id, line_id, version, start_date, end_date, planned_end_date, child_line_id, name, backward_direction, forward_direction, bg_color, bg_hexa_color, carto_file, accessibility, air_conditioned, comment, depot) VALUES ('blanc','ffffff',45, 45, 1, '2014-09-30', NULL, '2015-06-30', NULL, 'Borderouge / St Jean Lestang', 'Borderouge', 'St Jean Lestang', 'rouge', 'f40002', 'yenapas.png', true, true, 'offre initiale', 'atlanta');
INSERT INTO line_version (fg_color, fg_hexa_color, id, line_id, version, start_date, end_date, planned_end_date, child_line_id, name, backward_direction, forward_direction, bg_color, bg_hexa_color, carto_file, accessibility, air_conditioned, comment, depot) VALUES ('blanc','ffffff',46, 46, 1, '2014-09-30', NULL, '2015-06-30', NULL, 'Balma - Gramont / Rouffiac-Tolosan', 'Balma - Gramont', 'Rouffiac-Tolosan', 'marron', '563f00', 'yenapas.png', true, true, 'offre initiale', 'atlanta');
INSERT INTO line_version (fg_color, fg_hexa_color, id, line_id, version, start_date, end_date, planned_end_date, child_line_id, name, backward_direction, forward_direction, bg_color, bg_hexa_color, carto_file, accessibility, air_conditioned, comment, depot) VALUES ('blanc','ffffff',47, 47, 1, '2014-09-30', NULL, '2015-06-30', NULL, 'Argoulets / Castelmaurou Mairie', 'Argoulets', 'Castelmaurou Mairie', 'violetclair', 'b291ff', 'yenapas.png', true, true, 'offre initiale', 'atlanta');
INSERT INTO line_version (fg_color, fg_hexa_color, id, line_id, version, start_date, end_date, planned_end_date, child_line_id, name, backward_direction, forward_direction, bg_color, bg_hexa_color, carto_file, accessibility, air_conditioned, comment, depot) VALUES ('blanc','ffffff',48, 48, 1, '2014-09-30', NULL, '2015-06-30', NULL, 'Argoulets / Lapeyrouse', 'Argoulets', 'Lapeyrouse', 'beige', '8e4a05', 'yenapas.png', true, true, 'offre initiale', 'atlanta');
INSERT INTO line_version (fg_color, fg_hexa_color, id, line_id, version, start_date, end_date, planned_end_date, child_line_id, name, backward_direction, forward_direction, bg_color, bg_hexa_color, carto_file, accessibility, air_conditioned, comment, depot) VALUES ('blanc','ffffff',49, 49, 1, '2014-09-30', NULL, '2015-06-30', NULL, 'Balma - Gramont / Fonsegrives Collège', 'Balma - Gramont', 'Fonsegrives Collège', 'vertclair', '94d24d', 'yenapas.png', true, true, 'offre initiale', 'atlanta');
INSERT INTO line_version (fg_color, fg_hexa_color, id, line_id, version, start_date, end_date, planned_end_date, child_line_id, name, backward_direction, forward_direction, bg_color, bg_hexa_color, carto_file, accessibility, air_conditioned, comment, depot) VALUES ('blanc','ffffff',50, 50, 1, '2014-09-30', NULL, '2015-06-30', NULL, 'Université Paul Sabatier / St Orens Lycée', 'Université Paul Sabatier', 'St Orens Lycée', 'rouge', 'f40002', 'yenapas.png', true, true, 'offre initiale', 'atlanta');
INSERT INTO line_version (fg_color, fg_hexa_color, id, line_id, version, start_date, end_date, planned_end_date, child_line_id, name, backward_direction, forward_direction, bg_color, bg_hexa_color, carto_file, accessibility, air_conditioned, comment, depot) VALUES ('blanc','ffffff',51, 51, 1, '2014-09-30', NULL, '2015-06-30', NULL, 'Ramonville Métro / Labège Couder ou St-Orens Lycée', 'Ramonville Métro', 'Labège Couder ou St-Orens Lycée', 'bleuclair', '26ceff', 'yenapas.png', true, true, 'offre initiale', 'atlanta');
INSERT INTO line_version (fg_color, fg_hexa_color, id, line_id, version, start_date, end_date, planned_end_date, child_line_id, name, backward_direction, forward_direction, bg_color, bg_hexa_color, carto_file, accessibility, air_conditioned, comment, depot) VALUES ('blanc','ffffff',52, 52, 1, '2014-09-30', NULL, '2015-06-30', NULL, 'Rangueil / Belberaud La Balme', 'Rangueil', 'Belberaud La Balme', 'violet', '660099', 'yenapas.png', true, true, 'offre initiale', 'atlanta');
INSERT INTO line_version (fg_color, fg_hexa_color, id, line_id, version, start_date, end_date, planned_end_date, child_line_id, name, backward_direction, forward_direction, bg_color, bg_hexa_color, carto_file, accessibility, air_conditioned, comment, depot) VALUES ('blanc','ffffff',53, 53, 1, '2014-09-30', NULL, '2015-06-30', 5, 'Cours Dillon / Malepère', 'Cours Dillon', 'Malepère', 'vertfonce', '00c62d', 'yenapas.png', true, true, 'offre initiale', 'atlanta');
INSERT INTO line_version (fg_color, fg_hexa_color, id, line_id, version, start_date, end_date, planned_end_date, child_line_id, name, backward_direction, forward_direction, bg_color, bg_hexa_color, carto_file, accessibility, air_conditioned, comment, depot) VALUES ('blanc','ffffff',54, 54, 1, '2014-09-30', NULL, '2015-06-30', NULL, 'Saint Orens Lycée / Varennes En Clavié', 'Saint Orens Lycée', 'Varennes En Clavié', 'rose', 'ffa8ff', 'yenapas.png', true, true, 'offre initiale', 'atlanta');
INSERT INTO line_version (fg_color, fg_hexa_color, id, line_id, version, start_date, end_date, planned_end_date, child_line_id, name, backward_direction, forward_direction, bg_color, bg_hexa_color, carto_file, accessibility, air_conditioned, comment, depot) VALUES ('blanc','ffffff',55, 55, 1, '2014-09-30', NULL, '2015-06-30', NULL, 'Castanet Tolosan / Montbrun Lauragais Roumieu', 'Castanet Tolosan', 'Montbrun Lauragais Roumieu', 'vertclair', '94d24d', 'yenapas.png', true, true, 'offre initiale', 'atlanta');
INSERT INTO line_version (fg_color, fg_hexa_color, id, line_id, version, start_date, end_date, planned_end_date, child_line_id, name, backward_direction, forward_direction, bg_color, bg_hexa_color, carto_file, accessibility, air_conditioned, comment, depot) VALUES ('blanc','ffffff',56, 56, 1, '2014-09-30', NULL, '2015-06-30', NULL, 'Labège Innopole Gare SNCF / Ayguesvives Collège', 'Labège Innopole Gare SNCF', 'Ayguesvives Collège', 'rouge', 'f40002', 'yenapas.png', true, true, 'offre initiale', 'atlanta');
INSERT INTO line_version (fg_color, fg_hexa_color, id, line_id, version, start_date, end_date, planned_end_date, child_line_id, name, backward_direction, forward_direction, bg_color, bg_hexa_color, carto_file, accessibility, air_conditioned, comment, depot) VALUES ('blanc','ffffff',57, 57, 1, '2014-09-30', NULL, '2015-06-30', NULL, 'Castanet Tolosan / Ayguesvives Collège', 'Castanet Tolosan', 'Ayguesvives Collège', 'bleuclair', '26ceff', 'yenapas.png', true, true, 'offre initiale', 'atlanta');
INSERT INTO line_version (fg_color, fg_hexa_color, id, line_id, version, start_date, end_date, planned_end_date, child_line_id, name, backward_direction, forward_direction, bg_color, bg_hexa_color, carto_file, accessibility, air_conditioned, comment, depot) VALUES ('blanc','ffffff',58, 58, 1, '2014-09-30', NULL, '2015-06-30', NULL, 'Université Paul Sabatier / Castanet-Tolosan', 'Université Paul Sabatier', 'Castanet-Tolosan', 'rosefonce', 'f400d0', 'yenapas.png', true, true, 'offre initiale', 'atlanta');
INSERT INTO line_version (fg_color, fg_hexa_color, id, line_id, version, start_date, end_date, planned_end_date, child_line_id, name, backward_direction, forward_direction, bg_color, bg_hexa_color, carto_file, accessibility, air_conditioned, comment, depot) VALUES ('blanc','ffffff',59, 59, 1, '2014-09-30', NULL, '2015-06-30', NULL, 'Université Paul Sabatier / Ramonville - Midiville', 'Université Paul Sabatier', 'Ramonville - Midiville', 'rouge', 'f40002', 'yenapas.png', true, true, 'offre initiale', 'atlanta');
INSERT INTO line_version (fg_color, fg_hexa_color, id, line_id, version, start_date, end_date, planned_end_date, child_line_id, name, backward_direction, forward_direction, bg_color, bg_hexa_color, carto_file, accessibility, air_conditioned, comment, depot) VALUES ('blanc','ffffff',60, 60, 1, '2014-09-30', NULL, '2015-06-30', NULL, 'Balma - Gramont / St Orens Lycée', 'Balma - Gramont', 'St Orens Lycée', 'rosefonce', 'f400d0', 'yenapas.png', true, true, 'offre initiale', 'atlanta');
INSERT INTO line_version (fg_color, fg_hexa_color, id, line_id, version, start_date, end_date, planned_end_date, child_line_id, name, backward_direction, forward_direction, bg_color, bg_hexa_color, carto_file, accessibility, air_conditioned, comment, depot) VALUES ('blanc','ffffff',61, 61, 1, '2014-09-30', NULL, '2015-06-30', NULL, 'Basso Cambo / Balma - Gramont', 'Basso Cambo', 'Balma - Gramont', 'rouge', 'ff0000', 'yenapas.png', true, true, 'offre initiale', 'atlanta');
INSERT INTO line_version (fg_color, fg_hexa_color, id, line_id, version, start_date, end_date, planned_end_date, child_line_id, name, backward_direction, forward_direction, bg_color, bg_hexa_color, carto_file, accessibility, air_conditioned, comment, depot) VALUES ('blanc','ffffff',62, 62, 1, '2014-09-30', NULL, '2015-06-30', NULL, 'Argoulets / St Jean François Mitterrand', 'Argoulets', 'St Jean François Mitterrand', 'vertclair', '94d24d', 'yenapas.png', true, true, 'offre initiale', 'atlanta');
INSERT INTO line_version (fg_color, fg_hexa_color, id, line_id, version, start_date, end_date, planned_end_date, child_line_id, name, backward_direction, forward_direction, bg_color, bg_hexa_color, carto_file, accessibility, air_conditioned, comment, depot) VALUES ('blanc','ffffff',63, 63, 1, '2014-09-30', NULL, '2015-06-30', NULL, 'Argoulets / Bruguières Mairie', 'Argoulets', 'Bruguières Mairie', 'bleuclair', '26ceff', 'yenapas.png', true, true, 'offre initiale', 'atlanta');
INSERT INTO line_version (fg_color, fg_hexa_color, id, line_id, version, start_date, end_date, planned_end_date, child_line_id, name, backward_direction, forward_direction, bg_color, bg_hexa_color, carto_file, accessibility, air_conditioned, comment, depot) VALUES ('blanc','ffffff',64, 64, 1, '2014-09-30', NULL, '2015-06-30', NULL, 'Balma - Gramont / Drémil Stade', 'Balma - Gramont', 'Drémil Stade', 'vertclair', '94d24d', 'yenapas.png', true, true, 'offre initiale', 'atlanta');
INSERT INTO line_version (fg_color, fg_hexa_color, id, line_id, version, start_date, end_date, planned_end_date, child_line_id, name, backward_direction, forward_direction, bg_color, bg_hexa_color, carto_file, accessibility, air_conditioned, comment, depot) VALUES ('blanc','ffffff',65, 65, 1, '2014-09-30', NULL, '2015-06-30', NULL, 'Jolimont / Ramonville Métro', 'Jolimont', 'Ramonville Métro', 'orange', 'ff5e16', 'yenapas.png', true, true, 'offre initiale', 'atlanta');
INSERT INTO line_version (fg_color, fg_hexa_color, id, line_id, version, start_date, end_date, planned_end_date, child_line_id, name, backward_direction, forward_direction, bg_color, bg_hexa_color, carto_file, accessibility, air_conditioned, comment, depot) VALUES ('blanc','ffffff',66, 66, 1, '2014-09-30', NULL, '2015-06-30', NULL, 'La Vache / St Jory', 'La Vache', 'St Jory', 'rose', 'ffa8ff', 'yenapas.png', true, true, 'offre initiale', 'atlanta');
INSERT INTO line_version (fg_color, fg_hexa_color, id, line_id, version, start_date, end_date, planned_end_date, child_line_id, name, backward_direction, forward_direction, bg_color, bg_hexa_color, carto_file, accessibility, air_conditioned, comment, depot) VALUES ('blanc','ffffff',67, 67, 1, '2014-09-30', NULL, '2015-06-30', NULL, 'Balma-Gramont / Aigrefeuille - Balma - Drémil Lafage - Flourens -  Mondouzil - Mons - Pin Balma - Quint Fonsegrives', 'Balma-Gramont', 'Aigrefeuille - Balma - Drémil Lafage - Flourens -  Mondouzil - Mons - Pin Balma - Quint Fonsegrives', 'vertclair', '94d24d', 'yenapas.png', true, true, 'offre initiale', 'atlanta');
INSERT INTO line_version (fg_color, fg_hexa_color, id, line_id, version, start_date, end_date, planned_end_date, child_line_id, name, backward_direction, forward_direction, bg_color, bg_hexa_color, carto_file, accessibility, air_conditioned, comment, depot) VALUES ('blanc','ffffff',68, 68, 1, '2014-09-30', NULL, '2015-06-30', NULL, 'Aéroconstellation / Palais de Justice', 'Aéroconstellation', 'Palais de Justice', 'bleufonce', '0040c4', 'yenapas.png', true, true, 'offre initiale', 'atlanta');
INSERT INTO line_version (fg_color, fg_hexa_color, id, line_id, version, start_date, end_date, planned_end_date, child_line_id, name, backward_direction, forward_direction, bg_color, bg_hexa_color, carto_file, accessibility, air_conditioned, comment, depot) VALUES ('noir','000000',69, 69, 1, '2014-09-30', NULL, '2015-06-30', NULL, 'Borderouge / Ramonville', 'Borderouge', 'Ramonville', 'jaune', 'ffff00', 'yenapas.png', true, true, 'offre initiale', 'atlanta');
INSERT INTO line_version (fg_color, fg_hexa_color, id, line_id, version, start_date, end_date, planned_end_date, child_line_id, name, backward_direction, forward_direction, bg_color, bg_hexa_color, carto_file, accessibility, air_conditioned, comment, depot) VALUES ('blanc','ffffff',70, 70, 1, '2014-09-30', NULL, '2015-06-30', NULL, 'Malepère / Castanet-Tolosan', 'Malepère', 'Castanet-Tolosan', 'orange', 'ff5e16', 'yenapas.png', true, true, 'offre initiale', 'atlanta');
INSERT INTO line_version (fg_color, fg_hexa_color, id, line_id, version, start_date, end_date, planned_end_date, child_line_id, name, backward_direction, forward_direction, bg_color, bg_hexa_color, carto_file, accessibility, air_conditioned, comment, depot) VALUES ('blanc','ffffff',71, 71, 1, '2014-09-30', NULL, '2015-06-30', NULL, 'Roseraie / Borderouge', 'Roseraie', 'Borderouge', 'beige', '8e4a05', 'yenapas.png', true, true, 'offre initiale', 'atlanta');
INSERT INTO line_version (fg_color, fg_hexa_color, id, line_id, version, start_date, end_date, planned_end_date, child_line_id, name, backward_direction, forward_direction, bg_color, bg_hexa_color, carto_file, accessibility, air_conditioned, comment, depot) VALUES ('blanc','ffffff',72, 72, 1, '2014-09-30', NULL, '2015-06-30', NULL, 'Basso Cambo / Colomiers Airbus', 'Basso Cambo', 'Colomiers Airbus', 'vertfonce', '00c62d', 'yenapas.png', true, true, 'offre initiale', 'atlanta');
INSERT INTO line_version (fg_color, fg_hexa_color, id, line_id, version, start_date, end_date, planned_end_date, child_line_id, name, backward_direction, forward_direction, bg_color, bg_hexa_color, carto_file, accessibility, air_conditioned, comment, depot) VALUES ('blanc','ffffff',73, 73, 1, '2014-09-30', NULL, '2015-06-30', NULL, 'Arènes / Université Paul Sabatier', 'Arènes', 'Université Paul Sabatier', 'orange', 'ff5e16', 'yenapas.png', true, true, 'offre initiale', 'atlanta');
INSERT INTO line_version (fg_color, fg_hexa_color, id, line_id, version, start_date, end_date, planned_end_date, child_line_id, name, backward_direction, forward_direction, bg_color, bg_hexa_color, carto_file, accessibility, air_conditioned, comment, depot) VALUES ('blanc','ffffff',74, 74, 1, '2014-09-30', NULL, '2015-06-30', NULL, 'Jeanne d''Arc / Rangueil', 'Jeanne d''Arc', 'Rangueil', 'beige', '8e4a05', 'yenapas.png', true, true, 'offre initiale', 'atlanta');
INSERT INTO line_version (fg_color, fg_hexa_color, id, line_id, version, start_date, end_date, planned_end_date, child_line_id, name, backward_direction, forward_direction, bg_color, bg_hexa_color, carto_file, accessibility, air_conditioned, comment, depot) VALUES ('blanc','ffffff',75, 75, 1, '2014-09-30', NULL, '2015-06-30', NULL, 'Borderouge / Launaguet Palanque', 'Borderouge', 'Launaguet Palanque', 'beige', '8e4a05', 'yenapas.png', true, true, 'offre initiale', 'atlanta');
INSERT INTO line_version (fg_color, fg_hexa_color, id, line_id, version, start_date, end_date, planned_end_date, child_line_id, name, backward_direction, forward_direction, bg_color, bg_hexa_color, carto_file, accessibility, air_conditioned, comment, depot) VALUES ('blanc','ffffff',76, 76, 1, '2014-09-30', NULL, '2015-06-30', NULL, 'Lycée Toulouse-Lautrec / Rangueil', 'Lycée Toulouse-Lautrec', 'Rangueil', 'vertclair', '94d24d', 'yenapas.png', true, true, 'offre initiale', 'atlanta');
INSERT INTO line_version (fg_color, fg_hexa_color, id, line_id, version, start_date, end_date, planned_end_date, child_line_id, name, backward_direction, forward_direction, bg_color, bg_hexa_color, carto_file, accessibility, air_conditioned, comment, depot) VALUES ('blanc','ffffff',77, 77, 1, '2014-09-30', NULL, '2015-06-30', 2, 'Cours Dillon / Université Paul Sabatier', 'Cours Dillon', 'Université Paul Sabatier', 'bleuclair', '26ceff', 'yenapas.png', true, true, 'offre initiale', 'atlanta');
INSERT INTO line_version (fg_color, fg_hexa_color, id, line_id, version, start_date, end_date, planned_end_date, child_line_id, name, backward_direction, forward_direction, bg_color, bg_hexa_color, carto_file, accessibility, air_conditioned, comment, depot) VALUES ('blanc','ffffff',78, 78, 1, '2014-09-30', NULL, '2015-06-30', 6, 'Cours Dillon / Basso Cambo', 'Cours Dillon', 'Basso Cambo', 'vertfonce', '00c62d', 'yenapas.png', true, true, 'offre initiale', 'atlanta');
INSERT INTO line_version (fg_color, fg_hexa_color, id, line_id, version, start_date, end_date, planned_end_date, child_line_id, name, backward_direction, forward_direction, bg_color, bg_hexa_color, carto_file, accessibility, air_conditioned, comment, depot) VALUES ('blanc','ffffff',79, 79, 1, '2014-09-30', NULL, '2015-06-30', 13, 'Marengo SNCF / Gonin', 'Marengo SNCF', 'Gonin', 'beige', '8e4a05', 'yenapas.png', true, true, 'offre initiale', 'atlanta');
INSERT INTO line_version (fg_color, fg_hexa_color, id, line_id, version, start_date, end_date, planned_end_date, child_line_id, name, backward_direction, forward_direction, bg_color, bg_hexa_color, carto_file, accessibility, air_conditioned, comment, depot) VALUES ('blanc','ffffff',80, 80, 1, '2014-09-30', NULL, '2015-06-30', 15, 'Cours Dillon / Amouroux', 'Cours Dillon', 'Amouroux', 'bleuclair', '26ceff', 'yenapas.png', true, true, 'offre initiale', 'atlanta');
INSERT INTO line_version (fg_color, fg_hexa_color, id, line_id, version, start_date, end_date, planned_end_date, child_line_id, name, backward_direction, forward_direction, bg_color, bg_hexa_color, carto_file, accessibility, air_conditioned, comment, depot) VALUES ('blanc','ffffff',81, 81, 1, '2014-09-30', NULL, '2015-06-30', NULL, 'Ramonville Métro / Théogone / Ramonville Métro', 'Ramonville Métro', 'Théogone', 'rosefonce', 'f400d0', 'yenapas.png', true, true, 'offre initiale', 'atlanta');
INSERT INTO line_version (fg_color, fg_hexa_color, id, line_id, version, start_date, end_date, planned_end_date, child_line_id, name, backward_direction, forward_direction, bg_color, bg_hexa_color, carto_file, accessibility, air_conditioned, comment, depot) VALUES ('blanc','ffffff',82, 82, 1, '2014-09-30', NULL, '2015-06-30', NULL, 'Barrière de Paris / Glacière Sesquières', 'Barrière de Paris', 'Glacière Sesquières', 'bleuclair', '26ceff', 'yenapas.png', true, true, 'offre initiale', 'atlanta');
INSERT INTO line_version (fg_color, fg_hexa_color, id, line_id, version, start_date, end_date, planned_end_date, child_line_id, name, backward_direction, forward_direction, bg_color, bg_hexa_color, carto_file, accessibility, air_conditioned, comment, depot) VALUES ('blanc','ffffff',83, 83, 1, '2014-09-30', NULL, '2015-06-30', NULL, 'Ramonville Métro / Montjoie', 'Ramonville Métro', 'Montjoie', 'vertfonce', '00c62d', 'yenapas.png', true, true, 'offre initiale', 'atlanta');
INSERT INTO line_version (fg_color, fg_hexa_color, id, line_id, version, start_date, end_date, planned_end_date, child_line_id, name, backward_direction, forward_direction, bg_color, bg_hexa_color, carto_file, accessibility, air_conditioned, comment, depot) VALUES ('blanc','ffffff',84, 84, 1, '2014-09-30', NULL, '2015-06-30', NULL, 'Grand Rond / La Vache', 'Grand Rond', 'La Vache', 'rosefonce', 'f400d0', 'yenapas.png', true, true, 'offre initiale', 'atlanta');
INSERT INTO line_version (fg_color, fg_hexa_color, id, line_id, version, start_date, end_date, planned_end_date, child_line_id, name, backward_direction, forward_direction, bg_color, bg_hexa_color, carto_file, accessibility, air_conditioned, comment, depot) VALUES ('blanc','ffffff',85, 85, 1, '2014-09-30', NULL, '2015-06-30', 58, 'Université Paul Sabatier / Castanet-Tolosan', 'Université Paul Sabatier', 'Castanet-Tolosan', 'rosefonce', 'f400d0', 'yenapas.png', true, true, 'offre initiale', 'atlanta');
INSERT INTO line_version (fg_color, fg_hexa_color, id, line_id, version, start_date, end_date, planned_end_date, child_line_id, name, backward_direction, forward_direction, bg_color, bg_hexa_color, carto_file, accessibility, air_conditioned, comment, depot) VALUES ('blanc','ffffff',86, 86, 1, '2014-09-30', NULL, '2015-06-30', NULL, 'Ramonville Métro / Hôpital Larrey', 'Ramonville Métro', 'Hôpital Larrey', 'violetclair', 'b291ff', 'yenapas.png', true, true, 'offre initiale', 'atlanta');
INSERT INTO line_version (fg_color, fg_hexa_color, id, line_id, version, start_date, end_date, planned_end_date, child_line_id, name, backward_direction, forward_direction, bg_color, bg_hexa_color, carto_file, accessibility, air_conditioned, comment, depot) VALUES ('blanc','ffffff',87, 87, 1, '2014-09-30', NULL, '2015-06-30', NULL, 'Borderouge / Quartier Virebent', 'Borderouge', 'Quartier Virebent', 'vertclair', '94d24d', 'yenapas.png', true, true, 'offre initiale', 'atlanta');
INSERT INTO line_version (fg_color, fg_hexa_color, id, line_id, version, start_date, end_date, planned_end_date, child_line_id, name, backward_direction, forward_direction, bg_color, bg_hexa_color, carto_file, accessibility, air_conditioned, comment, depot) VALUES ('blanc','ffffff',88, 88, 1, '2014-09-30', NULL, '2015-06-30', NULL, 'Colomiers Gare SNCF / Aussonne - Cornebarrieu - Mondonville', 'Colomiers Gare SNCF', 'Aussonne - Cornebarrieu - Mondonville', 'rouge', 'f40002', 'yenapas.png', true, true, 'offre initiale', 'atlanta');
INSERT INTO line_version (fg_color, fg_hexa_color, id, line_id, version, start_date, end_date, planned_end_date, child_line_id, name, backward_direction, forward_direction, bg_color, bg_hexa_color, carto_file, accessibility, air_conditioned, comment, depot) VALUES ('blanc','ffffff',89, 89, 1, '2014-09-30', NULL, '2015-06-30', NULL, 'St Agne - Gare SNCF / Université Paul Sabatier', 'St Agne - Gare SNCF', 'Université Paul Sabatier', 'vertfonce', '00c62d', 'yenapas.png', true, true, 'offre initiale', 'atlanta');
INSERT INTO line_version (fg_color, fg_hexa_color, id, line_id, version, start_date, end_date, planned_end_date, child_line_id, name, backward_direction, forward_direction, bg_color, bg_hexa_color, carto_file, accessibility, air_conditioned, comment, depot) VALUES ('blanc','ffffff',90, 90, 1, '2014-09-30', NULL, '2015-06-30', NULL, 'Blagnac E Zola / Aéroport Toulouse Blagnac', 'Blagnac E Zola', 'Aéroport Toulouse Blagnac', 'violetclair', 'b291ff', 'yenapas.png', true, true, 'offre initiale', 'atlanta');
INSERT INTO line_version (fg_color, fg_hexa_color, id, line_id, version, start_date, end_date, planned_end_date, child_line_id, name, backward_direction, forward_direction, bg_color, bg_hexa_color, carto_file, accessibility, air_conditioned, comment, depot) VALUES ('blanc','ffffff',91, 91, 1, '2014-09-30', NULL, '2015-06-30', 86, 'Université Paul Sabatier / CHR Rangueil', 'Université Paul Sabatier', 'CHR Rangueil', 'violet', 'b291ff', 'yenapas.png', true, true, 'offre initiale', 'atlanta');
INSERT INTO line_version (fg_color, fg_hexa_color, id, line_id, version, start_date, end_date, planned_end_date, child_line_id, name, backward_direction, forward_direction, bg_color, bg_hexa_color, carto_file, accessibility, air_conditioned, comment, depot) VALUES ('blanc','ffffff',92, 92, 1, '2014-09-30', NULL, '2015-06-30', 51, 'Université Paul Sabatier / St-Orens Lycée', 'Université Paul Sabatier', 'St-Orens Lycée', 'bleuclair', '26ceff', 'yenapas.png', true, true, 'offre initiale', 'atlanta');
INSERT INTO line_version (fg_color, fg_hexa_color, id, line_id, version, start_date, end_date, planned_end_date, child_line_id, name, backward_direction, forward_direction, bg_color, bg_hexa_color, carto_file, accessibility, air_conditioned, comment, depot) VALUES ('blanc','ffffff',93, 93, 1, '2014-09-30', NULL, '2015-06-30', NULL, 'Ramonville Métro / Aureville - Castanet Tolosan - Goyrans - Lacroix Falgarde - Mervilla - Pechbusque - Ramonville St Agne - Rebigue - Vieille Toulouse - Vigoulet Auzil', 'Ramonville Métro', 'Aureville - Castanet Tolosan - Goyrans - Lacroix Falgarde - Mervilla - Pechbusque - Ramonville St Agne - Rebigue - Vieille Toulouse - Vigoulet Auzil', 'orange', 'ff5e16', 'yenapas.png', true, true, 'offre initiale', 'atlanta');
INSERT INTO line_version (fg_color, fg_hexa_color, id, line_id, version, start_date, end_date, planned_end_date, child_line_id, name, backward_direction, forward_direction, bg_color, bg_hexa_color, carto_file, accessibility, air_conditioned, comment, depot) VALUES ('blanc','ffffff',94, 94, 1, '2014-09-30', NULL, '2015-06-30', NULL, 'Compans - Caffarelli / Tournefeuille Lycée', 'Compans - Caffarelli', 'Tournefeuille Lycée', 'rose', 'ffa8ff', 'yenapas.png', true, true, 'offre initiale', 'atlanta');
INSERT INTO line_version (fg_color, fg_hexa_color, id, line_id, version, start_date, end_date, planned_end_date, child_line_id, name, backward_direction, forward_direction, bg_color, bg_hexa_color, carto_file, accessibility, air_conditioned, comment, depot) VALUES ('blanc','ffffff',95, 95, 1, '2014-09-30', NULL, '2015-06-30', NULL, 'Aéroconstellation / Aussonne - Beauzelle - Cornebarrieu - Mondonville - Seilh', 'Aéroconstellation', 'Aussonne - Beauzelle - Cornebarrieu - Mondonville - Seilh', 'bleufonce', '0040c4', 'yenapas.png', true, true, 'offre initiale', 'atlanta');
INSERT INTO line_version (fg_color, fg_hexa_color, id, line_id, version, start_date, end_date, planned_end_date, child_line_id, name, backward_direction, forward_direction, bg_color, bg_hexa_color, carto_file, accessibility, air_conditioned, comment, depot) VALUES ('blanc','ffffff',96, 96, 1, '2014-09-30', NULL, '2015-06-30', NULL, 'Aéroport Toulouse Blagnac / Fenouillet Ctre Cial', 'Aéroport Toulouse Blagnac', 'Fenouillet Ctre Cial', 'bleuclair', '26ceff', 'yenapas.png', true, true, 'offre initiale', 'atlanta');
INSERT INTO line_version (fg_color, fg_hexa_color, id, line_id, version, start_date, end_date, planned_end_date, child_line_id, name, backward_direction, forward_direction, bg_color, bg_hexa_color, carto_file, accessibility, air_conditioned, comment, depot) VALUES ('blanc','ffffff',97, 97, 1, '2014-09-30', NULL, '2015-06-30', NULL, 'Jeanne d''Arc / Pelletier Purpan', 'Jeanne d''Arc', 'Pelletier Purpan', 'vertclair', '94d24d', 'yenapas.png', true, true, 'offre initiale', 'atlanta');
INSERT INTO line_version (fg_color, fg_hexa_color, id, line_id, version, start_date, end_date, planned_end_date, child_line_id, name, backward_direction, forward_direction, bg_color, bg_hexa_color, carto_file, accessibility, air_conditioned, comment, depot) VALUES ('blanc','ffffff',98, 98, 1, '2014-09-30', NULL, '2015-06-30', NULL, 'Noctambus', 'Noctambus', '', 'rosefonce', 'e30044', 'yenapas.png', true, true, 'offre initiale', 'atlanta');
INSERT INTO line_version (fg_color, fg_hexa_color, id, line_id, version, start_date, end_date, planned_end_date, child_line_id, name, backward_direction, forward_direction, bg_color, bg_hexa_color, carto_file, accessibility, air_conditioned, comment, depot) VALUES ('blanc','ffffff',99, 99, 1, '2014-09-30', NULL, '2015-06-30', NULL, 'Navette Aéroport', 'Navette Aéroport', '', 'orange', 'ff5e16', 'yenapas.png', true, true, 'offre initiale', 'atlanta');
INSERT INTO line_version (fg_color, fg_hexa_color, id, line_id, version, start_date, end_date, planned_end_date, child_line_id, name, backward_direction, forward_direction, bg_color, bg_hexa_color, carto_file, accessibility, air_conditioned, comment, depot) VALUES ('blanc','ffffff',100, 100, 1, '2014-09-30', NULL, '2015-06-30', NULL, 'Fenouillet Croix / Pechbonnieu Collège', 'Fenouillet Croix', 'Pechbonnieu Collège', 'orange', 'ff5e16', 'yenapas.png', true, true, 'offre initiale', 'atlanta');
INSERT INTO line_version (fg_color, fg_hexa_color, id, line_id, version, start_date, end_date, planned_end_date, child_line_id, name, backward_direction, forward_direction, bg_color, bg_hexa_color, carto_file, accessibility, air_conditioned, comment, depot) VALUES ('blanc','ffffff',101, 101, 1, '2014-09-30', NULL, '2015-06-30', NULL, 'Potier Oncopole / Muret Gare SNCF', 'Potier Oncopole', 'Muret Gare SNCF', 'bleuclair', '26ceff', 'yenapas.png', true, true, 'offre initiale', 'atlanta');
INSERT INTO line_version (fg_color, fg_hexa_color, id, line_id, version, start_date, end_date, planned_end_date, child_line_id, name, backward_direction, forward_direction, bg_color, bg_hexa_color, carto_file, accessibility, air_conditioned, comment, depot) VALUES ('blanc','ffffff',102, 102, 1, '2014-09-30', NULL, '2015-06-30', NULL, 'Tournefeuille Lycée / Saint Lys Piscine', 'Tournefeuille Lycée', 'Saint Lys Piscine', 'bleuclair', '26ceff', 'yenapas.png', true, true, 'offre initiale', 'atlanta');
INSERT INTO line_version (fg_color, fg_hexa_color, id, line_id, version, start_date, end_date, planned_end_date, child_line_id, name, backward_direction, forward_direction, bg_color, bg_hexa_color, carto_file, accessibility, air_conditioned, comment, depot) VALUES ('blanc','ffffff',103, 103, 1, '2014-09-30', NULL, '2015-06-30', NULL, 'Basso Cambo / Empalot', 'Basso Cambo', 'Empalot', 'rose', 'ffa8ff', 'yenapas.png', true, true, 'offre initiale', 'atlanta');
INSERT INTO line_version (fg_color, fg_hexa_color, id, line_id, version, start_date, end_date, planned_end_date, child_line_id, name, backward_direction, forward_direction, bg_color, bg_hexa_color, carto_file, accessibility, air_conditioned, comment, depot) VALUES ('blanc','ffffff',104, 104, 1, '2014-09-30', NULL, '2015-06-30', NULL, 'Basso Cambo / Tibaous', 'Basso Cambo', 'Tibaous', 'bleuclair', '26ceff', 'yenapas.png', true, true, 'offre initiale', 'atlanta');
INSERT INTO line_version (fg_color, fg_hexa_color, id, line_id, version, start_date, end_date, planned_end_date, child_line_id, name, backward_direction, forward_direction, bg_color, bg_hexa_color, carto_file, accessibility, air_conditioned, comment, depot) VALUES ('blanc','ffffff',105, 105, 1, '2014-09-30', NULL, '2015-06-30', NULL, 'Balma - Gramont / Balma - Lasbordes', 'Balma - Gramont', 'Balma - Lasbordes', 'bleuclair', '33ffff', 'yenapas.png', true, true, 'offre initiale', 'atlanta');
INSERT INTO line_version (fg_color, fg_hexa_color, id, line_id, version, start_date, end_date, planned_end_date, child_line_id, name, backward_direction, forward_direction, bg_color, bg_hexa_color, carto_file, accessibility, air_conditioned, comment, depot) VALUES ('blanc','ffffff',106, 106, 1, '2014-09-30', NULL, '2015-06-30', 50, 'Université Paul Sabatier / St Orens Lycée', 'Université Paul Sabatier', 'St Orens Lycée', 'rouge', 'f40002', 'yenapas.png', true, true, 'offre initiale', 'atlanta');
INSERT INTO line_version (fg_color, fg_hexa_color, id, line_id, version, start_date, end_date, planned_end_date, child_line_id, name, backward_direction, forward_direction, bg_color, bg_hexa_color, carto_file, accessibility, air_conditioned, comment, depot) VALUES ('blanc','ffffff',107, 107, 1, '2014-09-30', NULL, '2015-06-30', NULL, 'Navette Centre Ville', 'Navette Centre Ville', '', 'rose', 'ffa8ff', 'yenapas.png', true, true, 'offre initiale', 'atlanta');
INSERT INTO line_version (fg_color, fg_hexa_color, id, line_id, version, start_date, end_date, planned_end_date, child_line_id, name, backward_direction, forward_direction, bg_color, bg_hexa_color, carto_file, accessibility, air_conditioned, comment, depot) VALUES ('blanc','ffffff',108, 108, 1, '2014-09-30', NULL, '2015-06-30', NULL, 'Navette Cimetières', 'Navette Cimetières', '', 'bleuclair', '26ceff', 'yenapas.png', true, true, 'offre initiale', 'atlanta');
INSERT INTO line_version (fg_color, fg_hexa_color, id, line_id, version, start_date, end_date, planned_end_date, child_line_id, name, backward_direction, forward_direction, bg_color, bg_hexa_color, carto_file, accessibility, air_conditioned, comment, depot) VALUES ('blanc','ffffff',109, 109, 1, '2014-09-30', NULL, '2015-06-30', NULL, 'Cité Scolaire Rive-Gauche / Cugnaux Henry Gladi', 'Cité Scolaire Rive-Gauche', 'Cugnaux Henry Gladi', 'bleufonce', '0040c4', 'yenapas.png', true, true, 'offre initiale', 'atlanta');


--
-- TOC entry 3526 (class 0 OID 76995)
-- Dependencies: 233
-- Data for Name: route; Type: TABLE DATA; Schema: public; Owner: postgres
--



--
-- TOC entry 3552 (class 0 OID 77073)
-- Dependencies: 259
-- Data for Name: trip_calendar; Type: TABLE DATA; Schema: public; Owner: postgres
--


--
-- TOC entry 3500 (class 0 OID 76914)
-- Dependencies: 207
-- Data for Name: line_datasource; Type: TABLE DATA; Schema: public; Owner: postgres
--

INSERT INTO line_datasource (id, line_id, datasource_id, code) VALUES (1, 1, 1, '01');
INSERT INTO line_datasource (id, line_id, datasource_id, code) VALUES (2, 2, 1, '02');
INSERT INTO line_datasource (id, line_id, datasource_id, code) VALUES (3, 3, 1, '03');
INSERT INTO line_datasource (id, line_id, datasource_id, code) VALUES (4, 4, 1, '08');
INSERT INTO line_datasource (id, line_id, datasource_id, code) VALUES (5, 5, 1, '10');
INSERT INTO line_datasource (id, line_id, datasource_id, code) VALUES (6, 6, 1, '12');
INSERT INTO line_datasource (id, line_id, datasource_id, code) VALUES (7, 7, 1, '14');
INSERT INTO line_datasource (id, line_id, datasource_id, code) VALUES (8, 8, 1, '15');
INSERT INTO line_datasource (id, line_id, datasource_id, code) VALUES (9, 9, 1, '16');
INSERT INTO line_datasource (id, line_id, datasource_id, code) VALUES (10, 10, 1, '19');
INSERT INTO line_datasource (id, line_id, datasource_id, code) VALUES (11, 11, 1, '17');
INSERT INTO line_datasource (id, line_id, datasource_id, code) VALUES (12, 12, 1, '20');
INSERT INTO line_datasource (id, line_id, datasource_id, code) VALUES (13, 13, 1, '22');
INSERT INTO line_datasource (id, line_id, datasource_id, code) VALUES (14, 14, 2, '');
INSERT INTO line_datasource (id, line_id, datasource_id, code) VALUES (15, 15, 1, '38');
INSERT INTO line_datasource (id, line_id, datasource_id, code) VALUES (16, 16, 1, '39');
INSERT INTO line_datasource (id, line_id, datasource_id, code) VALUES (17, 17, 1, '40');
INSERT INTO line_datasource (id, line_id, datasource_id, code) VALUES (18, 18, 1, '41');
INSERT INTO line_datasource (id, line_id, datasource_id, code) VALUES (19, 19, 1, '42');
INSERT INTO line_datasource (id, line_id, datasource_id, code) VALUES (20, 20, 1, '46');
INSERT INTO line_datasource (id, line_id, datasource_id, code) VALUES (21, 21, 1, '47');
INSERT INTO line_datasource (id, line_id, datasource_id, code) VALUES (22, 22, 1, '48');
INSERT INTO line_datasource (id, line_id, datasource_id, code) VALUES (23, 23, 1, '49');
INSERT INTO line_datasource (id, line_id, datasource_id, code) VALUES (24, 24, 1, '50');
INSERT INTO line_datasource (id, line_id, datasource_id, code) VALUES (25, 25, 1, '51');
INSERT INTO line_datasource (id, line_id, datasource_id, code) VALUES (26, 26, 1, '52');
INSERT INTO line_datasource (id, line_id, datasource_id, code) VALUES (27, 27, 1, '54');
INSERT INTO line_datasource (id, line_id, datasource_id, code) VALUES (28, 28, 1, '55');
INSERT INTO line_datasource (id, line_id, datasource_id, code) VALUES (29, 29, 1, '56');
INSERT INTO line_datasource (id, line_id, datasource_id, code) VALUES (30, 30, 1, '57');
INSERT INTO line_datasource (id, line_id, datasource_id, code) VALUES (31, 31, 1, '58');
INSERT INTO line_datasource (id, line_id, datasource_id, code) VALUES (32, 32, 1, '59');
INSERT INTO line_datasource (id, line_id, datasource_id, code) VALUES (33, 33, 1, '60');
INSERT INTO line_datasource (id, line_id, datasource_id, code) VALUES (34, 34, 1, '61');
INSERT INTO line_datasource (id, line_id, datasource_id, code) VALUES (35, 35, 1, '62');
INSERT INTO line_datasource (id, line_id, datasource_id, code) VALUES (36, 36, 1, '64');
INSERT INTO line_datasource (id, line_id, datasource_id, code) VALUES (37, 37, 1, '65');
INSERT INTO line_datasource (id, line_id, datasource_id, code) VALUES (38, 38, 1, '66');
INSERT INTO line_datasource (id, line_id, datasource_id, code) VALUES (39, 39, 1, '67');
INSERT INTO line_datasource (id, line_id, datasource_id, code) VALUES (40, 40, 1, '68');
INSERT INTO line_datasource (id, line_id, datasource_id, code) VALUES (41, 41, 1, '69');
INSERT INTO line_datasource (id, line_id, datasource_id, code) VALUES (42, 42, 1, '70');
INSERT INTO line_datasource (id, line_id, datasource_id, code) VALUES (43, 43, 1, '71');
INSERT INTO line_datasource (id, line_id, datasource_id, code) VALUES (44, 44, 1, '72');
INSERT INTO line_datasource (id, line_id, datasource_id, code) VALUES (45, 45, 1, '73');
INSERT INTO line_datasource (id, line_id, datasource_id, code) VALUES (46, 46, 1, '74');
INSERT INTO line_datasource (id, line_id, datasource_id, code) VALUES (47, 47, 1, '75');
INSERT INTO line_datasource (id, line_id, datasource_id, code) VALUES (48, 48, 1, '76');
INSERT INTO line_datasource (id, line_id, datasource_id, code) VALUES (49, 49, 1, '77');
INSERT INTO line_datasource (id, line_id, datasource_id, code) VALUES (50, 50, 1, '78');
INSERT INTO line_datasource (id, line_id, datasource_id, code) VALUES (51, 51, 1, '79');
INSERT INTO line_datasource (id, line_id, datasource_id, code) VALUES (52, 52, 1, '80');
INSERT INTO line_datasource (id, line_id, datasource_id, code) VALUES (53, 53, 1, '92');
INSERT INTO line_datasource (id, line_id, datasource_id, code) VALUES (54, 54, 2, '201');
INSERT INTO line_datasource (id, line_id, datasource_id, code) VALUES (55, 55, 2, '202');
INSERT INTO line_datasource (id, line_id, datasource_id, code) VALUES (56, 56, 2, '204');
INSERT INTO line_datasource (id, line_id, datasource_id, code) VALUES (57, 57, 2, '205');
INSERT INTO line_datasource (id, line_id, datasource_id, code) VALUES (58, 58, 1, '81');
INSERT INTO line_datasource (id, line_id, datasource_id, code) VALUES (59, 59, 1, '82');
INSERT INTO line_datasource (id, line_id, datasource_id, code) VALUES (60, 60, 1, '83');
INSERT INTO line_datasource (id, line_id, datasource_id, code) VALUES (61, 61, 2, 'A');
INSERT INTO line_datasource (id, line_id, datasource_id, code) VALUES (62, 62, 1, '43');
INSERT INTO line_datasource (id, line_id, datasource_id, code) VALUES (63, 63, 1, '33');
INSERT INTO line_datasource (id, line_id, datasource_id, code) VALUES (64, 64, 2, '35');
INSERT INTO line_datasource (id, line_id, datasource_id, code) VALUES (65, 65, 1, '37');
INSERT INTO line_datasource (id, line_id, datasource_id, code) VALUES (66, 66, 2, '105');
INSERT INTO line_datasource (id, line_id, datasource_id, code) VALUES (67, 67, 2, '106');
INSERT INTO line_datasource (id, line_id, datasource_id, code) VALUES (68, 68, 1, '1005');
INSERT INTO line_datasource (id, line_id, datasource_id, code) VALUES (69, 69, 2, 'B');
INSERT INTO line_datasource (id, line_id, datasource_id, code) VALUES (70, 70, 1, '109');
INSERT INTO line_datasource (id, line_id, datasource_id, code) VALUES (71, 71, 1, '36');
INSERT INTO line_datasource (id, line_id, datasource_id, code) VALUES (72, 72, 1, '21');
INSERT INTO line_datasource (id, line_id, datasource_id, code) VALUES (73, 73, 1, '34');
INSERT INTO line_datasource (id, line_id, datasource_id, code) VALUES (74, 74, 1, '23');
INSERT INTO line_datasource (id, line_id, datasource_id, code) VALUES (75, 75, 1, '26');
INSERT INTO line_datasource (id, line_id, datasource_id, code) VALUES (76, 76, 1, '27');
INSERT INTO line_datasource (id, line_id, datasource_id, code) VALUES (77, 77, 1, '91');
INSERT INTO line_datasource (id, line_id, datasource_id, code) VALUES (78, 78, 1, '93');
INSERT INTO line_datasource (id, line_id, datasource_id, code) VALUES (79, 79, 1, '95');
INSERT INTO line_datasource (id, line_id, datasource_id, code) VALUES (80, 80, 1, '96');
INSERT INTO line_datasource (id, line_id, datasource_id, code) VALUES (81, 81, 1, '111');
INSERT INTO line_datasource (id, line_id, datasource_id, code) VALUES (82, 82, 2, '110');
INSERT INTO line_datasource (id, line_id, datasource_id, code) VALUES (83, 83, 2, '112');
INSERT INTO line_datasource (id, line_id, datasource_id, code) VALUES (84, 84, 1, '29');
INSERT INTO line_datasource (id, line_id, datasource_id, code) VALUES (85, 85, 1, '98');
INSERT INTO line_datasource (id, line_id, datasource_id, code) VALUES (86, 86, 1, '88');
INSERT INTO line_datasource (id, line_id, datasource_id, code) VALUES (87, 87, 2, '114');
INSERT INTO line_datasource (id, line_id, datasource_id, code) VALUES (88, 88, 2, '118');
INSERT INTO line_datasource (id, line_id, datasource_id, code) VALUES (89, 89, 2, '115');
INSERT INTO line_datasource (id, line_id, datasource_id, code) VALUES (90, 90, 1, '25');
INSERT INTO line_datasource (id, line_id, datasource_id, code) VALUES (91, 91, 1, '99');
INSERT INTO line_datasource (id, line_id, datasource_id, code) VALUES (92, 92, 1, '89');
INSERT INTO line_datasource (id, line_id, datasource_id, code) VALUES (93, 93, 2, '119');
INSERT INTO line_datasource (id, line_id, datasource_id, code) VALUES (94, 94, 1, '63');
INSERT INTO line_datasource (id, line_id, datasource_id, code) VALUES (95, 95, 2, '120');
INSERT INTO line_datasource (id, line_id, datasource_id, code) VALUES (96, 96, 1, '30');
INSERT INTO line_datasource (id, line_id, datasource_id, code) VALUES (97, 97, 1, '45');
INSERT INTO line_datasource (id, line_id, datasource_id, code) VALUES (98, 98, 1, '86');
INSERT INTO line_datasource (id, line_id, datasource_id, code) VALUES (99, 99, 1, '24');
INSERT INTO line_datasource (id, line_id, datasource_id, code) VALUES (100, 100, 2, '');
INSERT INTO line_datasource (id, line_id, datasource_id, code) VALUES (101, 101, 2, '');
INSERT INTO line_datasource (id, line_id, datasource_id, code) VALUES (102, 102, 2, '');
INSERT INTO line_datasource (id, line_id, datasource_id, code) VALUES (103, 103, 1, '11');
INSERT INTO line_datasource (id, line_id, datasource_id, code) VALUES (104, 104, 1, '53');
INSERT INTO line_datasource (id, line_id, datasource_id, code) VALUES (105, 105, 1, '84');
INSERT INTO line_datasource (id, line_id, datasource_id, code) VALUES (106, 106, 1, '97');
INSERT INTO line_datasource (id, line_id, datasource_id, code) VALUES (107, 107, 1, '28');
INSERT INTO line_datasource (id, line_id, datasource_id, code) VALUES (108, 108, 2, '');
INSERT INTO line_datasource (id, line_id, datasource_id, code) VALUES (109, 109, 1, '87');



--
-- TOC entry 3504 (class 0 OID 76927)
-- Dependencies: 211
-- Data for Name: line_version_datasource; Type: TABLE DATA; Schema: public; Owner: postgres
--

INSERT INTO line_version_datasource (id, line_version_id, datasource_id, code) VALUES (1, 1, 3, 'amaier');
INSERT INTO line_version_datasource (id, line_version_id, datasource_id, code) VALUES (2, 2, 3, 'amaier');
INSERT INTO line_version_datasource (id, line_version_id, datasource_id, code) VALUES (3, 3, 3, 'amaier');
INSERT INTO line_version_datasource (id, line_version_id, datasource_id, code) VALUES (4, 4, 3, 'amaier');
INSERT INTO line_version_datasource (id, line_version_id, datasource_id, code) VALUES (5, 5, 3, 'amaier');
INSERT INTO line_version_datasource (id, line_version_id, datasource_id, code) VALUES (6, 6, 3, 'amaier');
INSERT INTO line_version_datasource (id, line_version_id, datasource_id, code) VALUES (7, 7, 3, 'amaier');
INSERT INTO line_version_datasource (id, line_version_id, datasource_id, code) VALUES (8, 8, 3, 'amaier');
INSERT INTO line_version_datasource (id, line_version_id, datasource_id, code) VALUES (9, 9, 3, 'amaier');
INSERT INTO line_version_datasource (id, line_version_id, datasource_id, code) VALUES (10, 10, 3, 'amaier');
INSERT INTO line_version_datasource (id, line_version_id, datasource_id, code) VALUES (11, 11, 3, 'amaier');
INSERT INTO line_version_datasource (id, line_version_id, datasource_id, code) VALUES (12, 12, 3, 'amaier');
INSERT INTO line_version_datasource (id, line_version_id, datasource_id, code) VALUES (13, 13, 3, 'amaier');
INSERT INTO line_version_datasource (id, line_version_id, datasource_id, code) VALUES (14, 14, 3, 'amaier');
INSERT INTO line_version_datasource (id, line_version_id, datasource_id, code) VALUES (15, 15, 3, 'amaier');
INSERT INTO line_version_datasource (id, line_version_id, datasource_id, code) VALUES (16, 16, 3, 'amaier');
INSERT INTO line_version_datasource (id, line_version_id, datasource_id, code) VALUES (17, 17, 3, 'amaier');
INSERT INTO line_version_datasource (id, line_version_id, datasource_id, code) VALUES (18, 18, 3, 'amaier');
INSERT INTO line_version_datasource (id, line_version_id, datasource_id, code) VALUES (19, 19, 3, 'amaier');
INSERT INTO line_version_datasource (id, line_version_id, datasource_id, code) VALUES (20, 20, 3, 'amaier');
INSERT INTO line_version_datasource (id, line_version_id, datasource_id, code) VALUES (21, 21, 3, 'amaier');
INSERT INTO line_version_datasource (id, line_version_id, datasource_id, code) VALUES (22, 22, 3, 'amaier');
INSERT INTO line_version_datasource (id, line_version_id, datasource_id, code) VALUES (23, 23, 3, 'amaier');
INSERT INTO line_version_datasource (id, line_version_id, datasource_id, code) VALUES (24, 24, 3, 'amaier');
INSERT INTO line_version_datasource (id, line_version_id, datasource_id, code) VALUES (25, 25, 3, 'amaier');
INSERT INTO line_version_datasource (id, line_version_id, datasource_id, code) VALUES (26, 26, 3, 'amaier');
INSERT INTO line_version_datasource (id, line_version_id, datasource_id, code) VALUES (27, 27, 3, 'amaier');
INSERT INTO line_version_datasource (id, line_version_id, datasource_id, code) VALUES (28, 28, 3, 'amaier');
INSERT INTO line_version_datasource (id, line_version_id, datasource_id, code) VALUES (29, 29, 3, 'amaier');
INSERT INTO line_version_datasource (id, line_version_id, datasource_id, code) VALUES (30, 30, 3, 'amaier');
INSERT INTO line_version_datasource (id, line_version_id, datasource_id, code) VALUES (31, 31, 3, 'amaier');
INSERT INTO line_version_datasource (id, line_version_id, datasource_id, code) VALUES (32, 32, 3, 'amaier');
INSERT INTO line_version_datasource (id, line_version_id, datasource_id, code) VALUES (33, 33, 3, 'amaier');
INSERT INTO line_version_datasource (id, line_version_id, datasource_id, code) VALUES (34, 34, 3, 'amaier');
INSERT INTO line_version_datasource (id, line_version_id, datasource_id, code) VALUES (35, 35, 3, 'amaier');
INSERT INTO line_version_datasource (id, line_version_id, datasource_id, code) VALUES (36, 36, 3, 'amaier');
INSERT INTO line_version_datasource (id, line_version_id, datasource_id, code) VALUES (37, 37, 3, 'amaier');
INSERT INTO line_version_datasource (id, line_version_id, datasource_id, code) VALUES (38, 38, 3, 'amaier');
INSERT INTO line_version_datasource (id, line_version_id, datasource_id, code) VALUES (39, 39, 3, 'amaier');
INSERT INTO line_version_datasource (id, line_version_id, datasource_id, code) VALUES (40, 40, 3, 'amaier');
INSERT INTO line_version_datasource (id, line_version_id, datasource_id, code) VALUES (41, 41, 3, 'amaier');
INSERT INTO line_version_datasource (id, line_version_id, datasource_id, code) VALUES (42, 42, 3, 'amaier');
INSERT INTO line_version_datasource (id, line_version_id, datasource_id, code) VALUES (43, 43, 3, 'amaier');
INSERT INTO line_version_datasource (id, line_version_id, datasource_id, code) VALUES (44, 44, 3, 'amaier');
INSERT INTO line_version_datasource (id, line_version_id, datasource_id, code) VALUES (45, 45, 3, 'amaier');
INSERT INTO line_version_datasource (id, line_version_id, datasource_id, code) VALUES (46, 46, 3, 'amaier');
INSERT INTO line_version_datasource (id, line_version_id, datasource_id, code) VALUES (47, 47, 3, 'amaier');
INSERT INTO line_version_datasource (id, line_version_id, datasource_id, code) VALUES (48, 48, 3, 'amaier');
INSERT INTO line_version_datasource (id, line_version_id, datasource_id, code) VALUES (49, 49, 3, 'amaier');
INSERT INTO line_version_datasource (id, line_version_id, datasource_id, code) VALUES (50, 50, 3, 'amaier');
INSERT INTO line_version_datasource (id, line_version_id, datasource_id, code) VALUES (51, 51, 3, 'amaier');
INSERT INTO line_version_datasource (id, line_version_id, datasource_id, code) VALUES (52, 52, 3, 'amaier');
INSERT INTO line_version_datasource (id, line_version_id, datasource_id, code) VALUES (53, 53, 3, 'amaier');
INSERT INTO line_version_datasource (id, line_version_id, datasource_id, code) VALUES (54, 54, 3, 'amaier');
INSERT INTO line_version_datasource (id, line_version_id, datasource_id, code) VALUES (55, 55, 3, 'amaier');
INSERT INTO line_version_datasource (id, line_version_id, datasource_id, code) VALUES (56, 56, 3, 'amaier');
INSERT INTO line_version_datasource (id, line_version_id, datasource_id, code) VALUES (57, 57, 3, 'amaier');
INSERT INTO line_version_datasource (id, line_version_id, datasource_id, code) VALUES (58, 58, 3, 'amaier');
INSERT INTO line_version_datasource (id, line_version_id, datasource_id, code) VALUES (59, 59, 3, 'amaier');
INSERT INTO line_version_datasource (id, line_version_id, datasource_id, code) VALUES (60, 60, 3, 'amaier');
INSERT INTO line_version_datasource (id, line_version_id, datasource_id, code) VALUES (61, 61, 3, 'amaier');
INSERT INTO line_version_datasource (id, line_version_id, datasource_id, code) VALUES (62, 62, 3, 'amaier');
INSERT INTO line_version_datasource (id, line_version_id, datasource_id, code) VALUES (63, 63, 3, 'amaier');
INSERT INTO line_version_datasource (id, line_version_id, datasource_id, code) VALUES (64, 64, 3, 'amaier');
INSERT INTO line_version_datasource (id, line_version_id, datasource_id, code) VALUES (65, 65, 3, 'amaier');
INSERT INTO line_version_datasource (id, line_version_id, datasource_id, code) VALUES (66, 66, 3, 'amaier');
INSERT INTO line_version_datasource (id, line_version_id, datasource_id, code) VALUES (67, 67, 3, 'amaier');
INSERT INTO line_version_datasource (id, line_version_id, datasource_id, code) VALUES (68, 68, 3, 'amaier');
INSERT INTO line_version_datasource (id, line_version_id, datasource_id, code) VALUES (69, 69, 3, 'amaier');
INSERT INTO line_version_datasource (id, line_version_id, datasource_id, code) VALUES (70, 70, 3, 'amaier');
INSERT INTO line_version_datasource (id, line_version_id, datasource_id, code) VALUES (71, 71, 3, 'amaier');
INSERT INTO line_version_datasource (id, line_version_id, datasource_id, code) VALUES (72, 72, 3, 'amaier');
INSERT INTO line_version_datasource (id, line_version_id, datasource_id, code) VALUES (73, 73, 3, 'amaier');
INSERT INTO line_version_datasource (id, line_version_id, datasource_id, code) VALUES (74, 74, 3, 'amaier');
INSERT INTO line_version_datasource (id, line_version_id, datasource_id, code) VALUES (75, 75, 3, 'amaier');
INSERT INTO line_version_datasource (id, line_version_id, datasource_id, code) VALUES (76, 76, 3, 'amaier');
INSERT INTO line_version_datasource (id, line_version_id, datasource_id, code) VALUES (77, 77, 3, 'amaier');
INSERT INTO line_version_datasource (id, line_version_id, datasource_id, code) VALUES (78, 78, 3, 'amaier');
INSERT INTO line_version_datasource (id, line_version_id, datasource_id, code) VALUES (79, 79, 3, 'amaier');
INSERT INTO line_version_datasource (id, line_version_id, datasource_id, code) VALUES (80, 80, 3, 'amaier');
INSERT INTO line_version_datasource (id, line_version_id, datasource_id, code) VALUES (81, 81, 3, 'amaier');
INSERT INTO line_version_datasource (id, line_version_id, datasource_id, code) VALUES (82, 82, 3, 'amaier');
INSERT INTO line_version_datasource (id, line_version_id, datasource_id, code) VALUES (83, 83, 3, 'amaier');
INSERT INTO line_version_datasource (id, line_version_id, datasource_id, code) VALUES (84, 84, 3, 'amaier');
INSERT INTO line_version_datasource (id, line_version_id, datasource_id, code) VALUES (85, 85, 3, 'amaier');
INSERT INTO line_version_datasource (id, line_version_id, datasource_id, code) VALUES (86, 86, 3, 'amaier');
INSERT INTO line_version_datasource (id, line_version_id, datasource_id, code) VALUES (87, 87, 3, 'amaier');
INSERT INTO line_version_datasource (id, line_version_id, datasource_id, code) VALUES (88, 88, 3, 'amaier');
INSERT INTO line_version_datasource (id, line_version_id, datasource_id, code) VALUES (89, 89, 3, 'amaier');
INSERT INTO line_version_datasource (id, line_version_id, datasource_id, code) VALUES (90, 90, 3, 'amaier');
INSERT INTO line_version_datasource (id, line_version_id, datasource_id, code) VALUES (91, 91, 3, 'amaier');
INSERT INTO line_version_datasource (id, line_version_id, datasource_id, code) VALUES (92, 92, 3, 'amaier');
INSERT INTO line_version_datasource (id, line_version_id, datasource_id, code) VALUES (93, 93, 3, 'amaier');
INSERT INTO line_version_datasource (id, line_version_id, datasource_id, code) VALUES (94, 94, 3, 'amaier');
INSERT INTO line_version_datasource (id, line_version_id, datasource_id, code) VALUES (95, 95, 3, 'amaier');
INSERT INTO line_version_datasource (id, line_version_id, datasource_id, code) VALUES (96, 96, 3, 'amaier');
INSERT INTO line_version_datasource (id, line_version_id, datasource_id, code) VALUES (97, 97, 3, 'amaier');
INSERT INTO line_version_datasource (id, line_version_id, datasource_id, code) VALUES (98, 98, 3, 'amaier');
INSERT INTO line_version_datasource (id, line_version_id, datasource_id, code) VALUES (99, 99, 3, 'amaier');
INSERT INTO line_version_datasource (id, line_version_id, datasource_id, code) VALUES (100, 100, 3, 'amaier');
INSERT INTO line_version_datasource (id, line_version_id, datasource_id, code) VALUES (101, 101, 3, 'amaier');
INSERT INTO line_version_datasource (id, line_version_id, datasource_id, code) VALUES (102, 102, 3, 'amaier');
INSERT INTO line_version_datasource (id, line_version_id, datasource_id, code) VALUES (103, 103, 3, 'amaier');
INSERT INTO line_version_datasource (id, line_version_id, datasource_id, code) VALUES (104, 104, 3, 'amaier');
INSERT INTO line_version_datasource (id, line_version_id, datasource_id, code) VALUES (105, 105, 3, 'amaier');
INSERT INTO line_version_datasource (id, line_version_id, datasource_id, code) VALUES (106, 106, 3, 'amaier');
INSERT INTO line_version_datasource (id, line_version_id, datasource_id, code) VALUES (107, 107, 3, 'amaier');
INSERT INTO line_version_datasource (id, line_version_id, datasource_id, code) VALUES (108, 108, 3, 'amaier');
INSERT INTO line_version_datasource (id, line_version_id, datasource_id, code) VALUES (109, 109, 3, 'amaier');


INSERT INTO calendar(name, calendar_type) VALUES('Dimanche', 0);
INSERT INTO calendar_datasource(calendar_id, datasource_id, code) VALUES(1, 3, '');

-- Completed on 2014-12-16 10:26:02

--
-- PostgreSQL database dump complete
--

-- TOC entry 3563 (class 0 OID 0)
-- Dependencies: 175
-- Name: agency_id_seq; Type: SEQUENCE SET; Schema: public; Owner: postgres
--

SELECT pg_catalog.setval('agency_id_seq', 2, false);


--
-- TOC entry 3564 (class 0 OID 0)
-- Dependencies: 177
-- Name: alias_id_seq; Type: SEQUENCE SET; Schema: public; Owner: postgres
--

SELECT pg_catalog.setval('alias_id_seq', 1, false);


--
-- TOC entry 3565 (class 0 OID 0)
-- Dependencies: 180
-- Name: calendar_datasource_id_seq; Type: SEQUENCE SET; Schema: public; Owner: postgres
--

SELECT pg_catalog.setval('calendar_datasource_id_seq', 2, false);


--
-- TOC entry 3566 (class 0 OID 0)
-- Dependencies: 182
-- Name: calendar_element_id_seq; Type: SEQUENCE SET; Schema: public; Owner: postgres
--

SELECT pg_catalog.setval('calendar_element_id_seq', 1, false);


--
-- TOC entry 3567 (class 0 OID 0)
-- Dependencies: 183
-- Name: calendar_id_seq; Type: SEQUENCE SET; Schema: public; Owner: postgres
--

SELECT pg_catalog.setval('calendar_id_seq', 2, false);


--
-- TOC entry 3568 (class 0 OID 0)
-- Dependencies: 185
-- Name: calendar_link_id_seq; Type: SEQUENCE SET; Schema: public; Owner: postgres
--

SELECT pg_catalog.setval('calendar_link_id_seq', 1, false);



--
-- TOC entry 3569 (class 0 OID 0)
-- Dependencies: 187
-- Name: change_cause_id_seq; Type: SEQUENCE SET; Schema: public; Owner: postgres
--

SELECT pg_catalog.setval('change_cause_id_seq', 1, false);


--
-- TOC entry 3570 (class 0 OID 0)
-- Dependencies: 189
-- Name: change_cause_link_id_seq; Type: SEQUENCE SET; Schema: public; Owner: postgres
--

SELECT pg_catalog.setval('change_cause_link_id_seq', 1, false);


--
-- TOC entry 3571 (class 0 OID 0)
-- Dependencies: 191
-- Name: city_id_seq; Type: SEQUENCE SET; Schema: public; Owner: postgres
--

SELECT pg_catalog.setval('city_id_seq', 91, false);


--
-- TOC entry 3572 (class 0 OID 0)
-- Dependencies: 193
-- Name: comment_id_seq; Type: SEQUENCE SET; Schema: public; Owner: postgres
--

SELECT pg_catalog.setval('comment_id_seq', 1, false);


--
-- TOC entry 3573 (class 0 OID 0)
-- Dependencies: 195
-- Name: datasource_id_seq; Type: SEQUENCE SET; Schema: public; Owner: postgres
--

SELECT pg_catalog.setval('datasource_id_seq', 4, false);


--
-- TOC entry 3574 (class 0 OID 0)
-- Dependencies: 197
-- Name: exception_type_id_seq; Type: SEQUENCE SET; Schema: public; Owner: postgres
--

SELECT pg_catalog.setval('exception_type_id_seq', 1, false);


--
-- TOC entry 3575 (class 0 OID 0)
-- Dependencies: 201
-- Name: grid_calendar_id_seq; Type: SEQUENCE SET; Schema: public; Owner: postgres
--

SELECT pg_catalog.setval('grid_calendar_id_seq', 1, false);


--
-- TOC entry 3576 (class 0 OID 0)
-- Dependencies: 203
-- Name: grid_link_calendar_mask_type_id_seq; Type: SEQUENCE SET; Schema: public; Owner: postgres
--

SELECT pg_catalog.setval('grid_link_calendar_mask_type_id_seq', 1, false);


--
-- TOC entry 3577 (class 0 OID 0)
-- Dependencies: 205
-- Name: grid_mask_type_id_seq; Type: SEQUENCE SET; Schema: public; Owner: postgres
--

SELECT pg_catalog.setval('grid_mask_type_id_seq', 11, false);


--
-- TOC entry 3578 (class 0 OID 0)
-- Dependencies: 208
-- Name: line_datasource_id_seq; Type: SEQUENCE SET; Schema: public; Owner: postgres
--

SELECT pg_catalog.setval('line_datasource_id_seq', 110, true);


--
-- TOC entry 3579 (class 0 OID 0)
-- Dependencies: 209
-- Name: line_id_seq; Type: SEQUENCE SET; Schema: public; Owner: postgres
--

SELECT pg_catalog.setval('line_id_seq', 110, true);



--
-- TOC entry 3580 (class 0 OID 0)
-- Dependencies: 212
-- Name: line_version_datasource_id_seq; Type: SEQUENCE SET; Schema: public; Owner: postgres
--

SELECT pg_catalog.setval('line_version_datasource_id_seq', 110, true);


--
-- TOC entry 3581 (class 0 OID 0)
-- Dependencies: 213
-- Name: line_version_id_seq; Type: SEQUENCE SET; Schema: public; Owner: postgres
--

SELECT pg_catalog.setval('line_version_id_seq', 110, true);


--
-- TOC entry 3582 (class 0 OID 0)
-- Dependencies: 215
-- Name: log_id_seq; Type: SEQUENCE SET; Schema: public; Owner: postgres
--

SELECT pg_catalog.setval('log_id_seq', 1, false);


--
-- TOC entry 3583 (class 0 OID 0)
-- Dependencies: 220
-- Name: physical_mode_id_seq; Type: SEQUENCE SET; Schema: public; Owner: postgres
--

SELECT pg_catalog.setval('physical_mode_id_seq', 8, true);


--
-- TOC entry 3584 (class 0 OID 0)
-- Dependencies: 223
-- Name: poi_datasource_id_seq; Type: SEQUENCE SET; Schema: public; Owner: postgres
--

SELECT pg_catalog.setval('poi_datasource_id_seq', 1, false);

--
-- TOC entry 3585 (class 0 OID 0)
-- Dependencies: 226
-- Name: poi_adress_datasource_id_seq; Type: SEQUENCE SET; Schema: public; Owner: postgres
--

SELECT pg_catalog.setval('poi_adress_datasource_id_seq', 1, false);


--
-- TOC entry 3586 (class 0 OID 0)
-- Dependencies: 227
-- Name: poi_adress_id_seq; Type: SEQUENCE SET; Schema: public; Owner: postgres
--

SELECT pg_catalog.setval('poi_adress_id_seq', 1, false);


--
-- TOC entry 3587 (class 0 OID 0)
-- Dependencies: 228
-- Name: poi_id_seq; Type: SEQUENCE SET; Schema: public; Owner: postgres
--

SELECT pg_catalog.setval('poi_id_seq', 1, false);


--
-- TOC entry 3588 (class 0 OID 0)
-- Dependencies: 230
-- Name: poi_type_id_seq; Type: SEQUENCE SET; Schema: public; Owner: postgres
--

SELECT pg_catalog.setval('poi_type_id_seq', 1, false);

--
-- TOC entry 3589 (class 0 OID 0)
-- Dependencies: 232
-- Name: printing_id_seq; Type: SEQUENCE SET; Schema: public; Owner: postgres
--

SELECT pg_catalog.setval('printing_id_seq', 1, false);


--
-- TOC entry 3590 (class 0 OID 0)
-- Dependencies: 235
-- Name: route_datasource_id_seq; Type: SEQUENCE SET; Schema: public; Owner: postgres
--

SELECT pg_catalog.setval('route_datasource_id_seq', 1, false);


--
-- TOC entry 3591 (class 0 OID 0)
-- Dependencies: 236
-- Name: route_id_seq; Type: SEQUENCE SET; Schema: public; Owner: postgres
--

SELECT pg_catalog.setval('route_id_seq', 1, false);

--
-- TOC entry 3592 (class 0 OID 0)
-- Dependencies: 238
-- Name: route_section_id_seq; Type: SEQUENCE SET; Schema: public; Owner: postgres
--

SELECT pg_catalog.setval('route_section_id_seq', 1, false);


-- TOC entry 3593 (class 0 OID 0)
-- Dependencies: 240
-- Name: route_stop_id_seq; Type: SEQUENCE SET; Schema: public; Owner: postgres
--

SELECT pg_catalog.setval('route_stop_id_seq', 1, false);


--
-- TOC entry 3594 (class 0 OID 0)
-- Dependencies: 246
-- Name: stop_area_datasource_id_seq; Type: SEQUENCE SET; Schema: public; Owner: postgres
--

SELECT pg_catalog.setval('stop_area_datasource_id_seq', 1, false);


--
-- TOC entry 3595 (class 0 OID 0)
-- Dependencies: 247
-- Name: stop_area_id_seq; Type: SEQUENCE SET; Schema: public; Owner: postgres
--

SELECT pg_catalog.setval('stop_area_id_seq', 2, false);


--
-- TOC entry 3596 (class 0 OID 0)
-- Dependencies: 249
-- Name: stop_datasource_id_seq; Type: SEQUENCE SET; Schema: public; Owner: postgres
--

SELECT pg_catalog.setval('stop_datasource_id_seq', 4322, false);

--
-- TOC entry 3597 (class 0 OID 0)
-- Dependencies: 251
-- Name: stop_history_id_seq; Type: SEQUENCE SET; Schema: public; Owner: postgres
--

--SELECT pg_catalog.setval('stop_history_id_seq', 1, false);


--
-- TOC entry 3598 (class 0 OID 0)
-- Dependencies: 253
-- Name: stop_time_id_seq; Type: SEQUENCE SET; Schema: public; Owner: postgres
--

SELECT pg_catalog.setval('stop_time_id_seq', 1, false);

--
-- TOC entry 3599 (class 0 OID 0)
-- Dependencies: 256
-- Name: transfer_datasource_id_seq; Type: SEQUENCE SET; Schema: public; Owner: postgres
--

SELECT pg_catalog.setval('transfer_datasource_id_seq', 1, false);


--
-- TOC entry 3600 (class 0 OID 0)
-- Dependencies: 257
-- Name: transfer_id_seq; Type: SEQUENCE SET; Schema: public; Owner: postgres
--

SELECT pg_catalog.setval('transfer_id_seq', 1, false);


--
-- TOC entry 3602 (class 0 OID 0)
-- Dependencies: 262
-- Name: trip_calendar_id_seq; Type: SEQUENCE SET; Schema: public; Owner: postgres
--

SELECT pg_catalog.setval('trip_calendar_id_seq', 1, false);


--
-- TOC entry 3603 (class 0 OID 0)
-- Dependencies: 264
-- Name: trip_datasource_id_seq; Type: SEQUENCE SET; Schema: public; Owner: postgres
--

SELECT pg_catalog.setval('trip_datasource_id_seq', 1, false);


--
-- TOC entry 3604 (class 0 OID 0)
-- Dependencies: 265
-- Name: trip_id_seq; Type: SEQUENCE SET; Schema: public; Owner: postgres
--

SELECT pg_catalog.setval('trip_id_seq', 1, false);


--
-- TOC entry 3605 (class 0 OID 0)
-- Dependencies: 242
-- Name: waypoint_id_seq; Type: SEQUENCE SET; Schema: public; Owner: postgres
--

SELECT pg_catalog.setval('waypoint_id_seq', 4321, false);
